track,method,metric,n_scenarios,mean,median,std,best,worst
representative,ecc_cee_adapted,scheduler_controllable_emissions_g,12,6.6922938010283275,1.923257011972158,8.764290794111387,0.7613192579565151,26.56863337473274
representative,ecc_cee_adapted,scheduler_controllable_energy_wh,12,403.6498491072089,202.98822758236952,423.8677145713367,29.489890171291194,1058.5231940797496
representative,ecc_cee_adapted,gross_horizon_emissions_g,12,47.64246028860608,45.2961933835124,15.505990222110366,21.972930550025,74.40583240667192
representative,ecc_cee_adapted,gross_horizon_energy_wh,12,642.6349511296588,461.50880618163956,433.34069739999995,243.06340740785723,1321.2248972827404
representative,ecc_cee_adapted,makespan_s,12,25915.192603142084,25812.713608209655,283.19329402666693,25522.13529691007,26297.42327941081
representative,ecc_cee_adapted,deadline_miss_ratio,12,0.0,0.0,0.0,0.0,0.0
representative,ecc_cee_adapted,total_tardiness_s,12,0.0,0.0,0.0,0.0,0.0
representative,ecc_cee_adapted,migration_volume_gib,12,19.1090127733162,17.94456620270261,10.23334607524547,4.343511738536946,38.497408950896684
representative,ecc_cee_adapted,migration_energy_wh,12,1.146540766398972,1.0766739721621568,0.6140007645147281,0.2606107043122167,2.3098445370538014
representative,ecc_cee_adapted,migration_emissions_g,12,0.12070691229506171,0.10529154893002318,0.07402728146592956,0.035186870931475094,0.26862061843501517
representative,ecc_cee_adapted,active_node_count,12,4.166666666666667,3.5,2.8230651727682394,1.0,9.0
representative,ecc_cee_adapted,wall_time_s,12,8.764827619083382,8.814288809500113,3.7037522830304948,4.089528562000169,13.722883438999816
representative,ecc_cee_adapted,actual_objective_calls,12,216.0,216.0,51.168171925346506,156.0,276.0
representative,eco_pso_joint,scheduler_controllable_emissions_g,12,189.5095821243843,110.00581499013573,176.1512136993159,17.430831141897237,478.5276723696735
representative,eco_pso_joint,scheduler_controllable_energy_wh,12,919.441690527926,565.5826967471102,864.0092356285294,127.76154576329961,2808.7041093229527
representative,eco_pso_joint,gross_horizon_emissions_g,12,230.459748611962,151.65749822168132,180.31571636914552,43.70428313208787,519.3119237037338
representative,eco_pso_joint,gross_horizon_energy_wh,12,1158.4267925503757,782.250194813349,870.8332917996432,340.9802017126364,3046.384325173639
representative,eco_pso_joint,makespan_s,12,26003.92024039956,25880.528707003745,335.31000560831853,25569.713748198585,26475.091593995516
representative,eco_pso_joint,deadline_miss_ratio,12,0.0,0.0,0.0,0.0,0.0
representative,eco_pso_joint,total_tardiness_s,12,0.0,0.0,0.0,0.0,0.0
representative,eco_pso_joint,migration_volume_gib,12,19.82542970372617,15.093352567340457,14.992818575569018,0.0,47.31788885149975
representative,eco_pso_joint,migration_energy_wh,12,1.1895257822235696,0.9056011540404274,0.899569114534141,0.0,2.839073331089985
representative,eco_pso_joint,migration_emissions_g,12,0.20389596065525348,0.1722594399606544,0.16852375165779107,0.0,0.5453920799316615
representative,eco_pso_joint,active_node_count,12,19.333333333333332,21.0,5.8826916123540425,6.0,25.0
representative,eco_pso_joint,wall_time_s,12,6.280122915833265,5.586778807499854,2.504544490738807,3.390644894999923,10.386823149000065
representative,eco_pso_joint,actual_objective_calls,12,216.0,216.0,51.168171925346506,156.0,276.0
representative,hcsmo_v6d,scheduler_controllable_emissions_g,12,3.9957357489842753,0.6796048323565422,7.242098729310835,0.09613856920249475,19.369107356294883
representative,hcsmo_v6d,scheduler_controllable_energy_wh,12,345.7874542003026,227.4993678176761,355.6199462630398,30.615346262853137,887.7497875522293
representative,hcsmo_v6d,gross_horizon_emissions_g,12,44.945902236562034,43.6672920018146,14.44328210187357,20.49591950043737,74.18232558515659
representative,hcsmo_v6d,gross_horizon_energy_wh,12,584.7725562227525,471.7926301297599,364.7988972532026,242.48639349692084,1152.0263760415107
representative,hcsmo_v6d,makespan_s,12,25925.813120118506,25880.38661558795,280.51368867915846,25522.019092861796,26289.473712015664
representative,hcsmo_v6d,deadline_miss_ratio,12,0.0,0.0,0.0,0.0,0.0
representative,hcsmo_v6d,total_tardiness_s,12,0.0,0.0,0.0,0.0,0.0
representative,hcsmo_v6d,migration_volume_gib,12,22.19304973653415,18.813791994124443,14.205901130225465,4.343511738536946,47.13234799264851
representative,hcsmo_v6d,migration_energy_wh,12,1.331582984192049,1.1288275196474666,0.852354067813528,0.2606107043122167,2.8279408795589105
representative,hcsmo_v6d,migration_emissions_g,12,0.13478273919672618,0.10529154893002318,0.0899519378733985,0.035186870931475094,0.3100812772500177
representative,hcsmo_v6d,active_node_count,12,1.3333333333333333,1.0,0.8876253645985945,1.0,4.0
representative,hcsmo_v6d,wall_time_s,12,9.211271994833348,9.079284451000149,4.087277042749931,4.365373071000022,15.541870217999985
representative,hcsmo_v6d,actual_objective_calls,12,216.0,216.0,51.168171925346506,156.0,276.0
representative,jellyfish_rts_adapted,scheduler_controllable_emissions_g,12,13.868134810336537,2.028329889389491,29.519811569577538,0.7613192579565151,103.61853004404102
representative,jellyfish_rts_adapted,scheduler_controllable_energy_wh,12,442.703426670503,333.6821857195166,435.0595864561239,29.788984057359727,1058.5231940797496
representative,jellyfish_rts_adapted,gross_horizon_emissions_g,12,54.818301297914296,45.2961933835124,35.357583020997055,22.187322139836134,158.43174827290275
representative,jellyfish_rts_adapted,gross_horizon_energy_wh,12,681.6885286929529,579.0960414872137,444.99649788022504,243.06340740785723,1321.2248972827404
representative,jellyfish_rts_adapted,makespan_s,12,25913.30592785266,25813.074822291237,284.02174229346315,25522.13529691007,26297.42327941081
representative,jellyfish_rts_adapted,deadline_miss_ratio,12,0.0,0.0,0.0,0.0,0.0
representative,jellyfish_rts_adapted,total_tardiness_s,12,0.0,0.0,0.0,0.0,0.0
representative,jellyfish_rts_adapted,migration_volume_gib,12,21.533390686561788,17.94456620270261,14.567979680025958,4.343511738536946,49.674920404834964
representative,jellyfish_rts_adapted,migration_energy_wh,12,1.2920034411937074,1.0766739721621568,0.8740787808015573,0.2606107043122167,2.9804952242900975
representative,jellyfish_rts_adapted,migration_emissions_g,12,0.18341593468033676,0.10529154893002318,0.21154534532359523,0.035186870931475094,0.6373041145134952
representative,jellyfish_rts_adapted,active_node_count,12,3.5833333333333335,3.0,3.2039275140289165,1.0,13.0
representative,jellyfish_rts_adapted,wall_time_s,12,7.674232761083374,7.011223575000031,3.2705050115622907,3.7710601050000605,12.04836295799987
representative,jellyfish_rts_adapted,actual_objective_calls,12,216.0,216.0,51.168171925346506,156.0,276.0
representative,meo_adapted,scheduler_controllable_emissions_g,12,17.77859225162425,2.028329889389491,42.85632812009907,0.7613192579565151,151.158619586839
representative,meo_adapted,scheduler_controllable_energy_wh,12,456.04983149969695,354.32140332654825,430.84394677852447,29.788984057359727,1058.5231940797496
representative,meo_adapted,gross_horizon_emissions_g,12,58.728758739202,45.29619143717373,48.27933494383198,22.187322139836134,205.97183781570072
representative,meo_adapted,gross_horizon_energy_wh,12,695.0349335221467,593.3044792272244,441.0551441923885,243.06340740785723,1321.2248972827404
representative,meo_adapted,makespan_s,12,25905.275184796526,25812.713608209655,284.31661781648666,25522.13529691007,26297.42327941081
representative,meo_adapted,deadline_miss_ratio,12,0.0,0.0,0.0,0.0,0.0
representative,meo_adapted,total_tardiness_s,12,0.0,0.0,0.0,0.0,0.0
representative,meo_adapted,migration_volume_gib,12,19.662250853860662,17.94456620270261,10.750841552068279,4.343511738536946,40.48965392281188
representative,meo_adapted,migration_energy_wh,12,1.17973505123164,1.0766739721621568,0.6450504931240968,0.2606107043122167,2.429379235368713
representative,meo_adapted,migration_emissions_g,12,0.13006352202553753,0.10529154893002318,0.08758196437117516,0.035186870931475094,0.3155823781740982
representative,meo_adapted,active_node_count,12,4.333333333333333,3.0,3.725424523297698,1.0,13.0
representative,meo_adapted,wall_time_s,12,7.411106286166661,7.58782062399996,3.049983127497963,3.6279317839999976,11.52977936499974
representative,meo_adapted,actual_objective_calls,12,216.0,216.0,51.168171925346506,156.0,276.0
representative,nsga_ii,scheduler_controllable_emissions_g,12,10.938885726949522,2.0277603679163096,17.39746984463356,0.7613192579565151,48.20485112160999
representative,nsga_ii,scheduler_controllable_energy_wh,12,431.826240988406,254.5794881929905,425.94856549472826,29.71762427861202,1058.5231940797496
representative,nsga_ii,gross_horizon_emissions_g,12,51.88905221452728,45.29619568289306,23.392977834749377,22.187322139836134,100.18892665526579
representative,nsga_ii,gross_horizon_energy_wh,12,670.8113430108559,491.163184817057,436.55226246047454,242.93628022794877,1321.2248972827404
representative,nsga_ii,makespan_s,12,25919.723290309896,25839.74452183419,281.8273987335397,25522.13529691007,26297.42327941081
representative,nsga_ii,deadline_miss_ratio,12,0.0,0.0,0.0,0.0,0.0
representative,nsga_ii,total_tardiness_s,12,0.0,0.0,0.0,0.0,0.0
representative,nsga_ii,migration_volume_gib,12,19.179584564272115,17.94456620270261,10.64084848078275,4.343511738536946,37.915274506250924
representative,nsga_ii,migration_energy_wh,12,1.150775073856327,1.0766739721621568,0.638450908846965,0.2606107043122167,2.2749164703750555
representative,nsga_ii,migration_emissions_g,12,0.12258874871458714,0.10529154893002318,0.08201630267233521,0.03673998922141891,0.32074322366888236
representative,nsga_ii,active_node_count,12,3.75,4.0,2.220769727328383,1.0,9.0
representative,nsga_ii,wall_time_s,12,8.654775061666669,8.75754790950009,3.4507636838867985,4.102995584000155,13.397133132999897
representative,nsga_ii,actual_objective_calls,12,216.0,216.0,51.168171925346506,156.0,276.0
representative,ppo_joint,scheduler_controllable_emissions_g,12,48.56954094458711,39.28538959303235,43.55198993533542,3.4300300291893997,124.43128994363511
representative,ppo_joint,scheduler_controllable_energy_wh,12,649.63480311619,474.2076021581247,547.3785927147671,84.44350252807061,1528.1984723584121
representative,ppo_joint,gross_horizon_emissions_g,12,89.51970743216488,86.29633471429808,49.81919859970572,23.82981096042427,170.3234946510191
representative,ppo_joint,gross_horizon_energy_wh,12,888.6199051386399,726.7434708260171,557.3635852981652,297.66215847740733,1792.4750608476934
representative,ppo_joint,makespan_s,12,25950.42956296871,25833.792281510454,320.7852705512876,25522.068206000957,26442.00478017371
representative,ppo_joint,deadline_miss_ratio,12,0.0,0.0,0.0,0.0,0.0
representative,ppo_joint,total_tardiness_s,12,0.0,0.0,0.0,0.0,0.0
representative,ppo_joint,migration_volume_gib,12,19.866243766526107,15.495100317101857,12.728364201840419,4.518414314161643,43.46824735329875
representative,ppo_joint,migration_energy_wh,12,1.1919746259915664,0.9297060190261115,0.7637018521104253,0.27110485884969854,2.608094841197925
representative,ppo_joint,migration_emissions_g,12,0.14632912565437342,0.1093866712730959,0.10216293862857222,0.040240442810527896,0.35754753583723575
representative,ppo_joint,active_node_count,12,8.5,8.0,2.354878881270658,5.0,14.0
representative,ppo_joint,wall_time_s,12,98.23293027625,90.8170979255002,57.934415175123256,33.27387097099995,171.1823995740001
representative,ppo_joint,actual_objective_calls,12,216.0,216.0,51.168171925346506,156.0,276.0
representative,tm_moaoa_joint,scheduler_controllable_emissions_g,12,81.50469538030761,55.83666586290453,109.31841687679714,0.8186758251648989,384.1596570590218
representative,tm_moaoa_joint,scheduler_controllable_energy_wh,12,451.8988315613765,357.1483459593401,442.11721306542654,33.7885068245204,1232.4106541818228
representative,tm_moaoa_joint,gross_horizon_emissions_g,12,122.45486186788537,100.09895573404842,112.6697908547491,23.817041673219787,424.94390839308204
representative,tm_moaoa_joint,gross_horizon_energy_wh,12,690.8839335838264,574.8250108582813,451.4371171974339,248.74074137567783,1496.687242671104
representative,tm_moaoa_joint,makespan_s,12,26034.74931049965,25932.358961445978,370.46766782681146,25524.080270745675,26648.39057355345
representative,tm_moaoa_joint,deadline_miss_ratio,12,0.0,0.0,0.0,0.0,0.0
representative,tm_moaoa_joint,total_tardiness_s,12,0.0,0.0,0.0,0.0,0.0
representative,tm_moaoa_joint,migration_volume_gib,12,22.28543851879162,16.16491600445206,14.879988810710291,6.070738652692738,50.42437294540908
representative,tm_moaoa_joint,migration_energy_wh,12,1.337126311127497,0.9698949602671239,0.8927993286426174,0.36424431916156425,3.0254623767245445
representative,tm_moaoa_joint,migration_emissions_g,12,0.20030626216986133,0.14048064135731028,0.15381750168239613,0.0682592476301141,0.5001396882457975
representative,tm_moaoa_joint,active_node_count,12,1.8333333333333333,1.0,1.4034589305344738,1.0,5.0
representative,tm_moaoa_joint,wall_time_s,12,6.511650185750033,6.1363768380000465,2.752088877706044,3.1015800850000232,10.871398154999952
representative,tm_moaoa_joint,actual_objective_calls,12,216.0,216.0,51.168171925346506,156.0,276.0
sla_stress,ecc_cee_adapted,scheduler_controllable_emissions_g,12,54.814160768306074,42.81182418399913,63.86021468891872,2.9356556518140406,210.31437057462156
sla_stress,ecc_cee_adapted,scheduler_controllable_energy_wh,12,551.6776134829042,515.1507326066367,554.1072849807758,21.699699634526514,1277.79821450504
sla_stress,ecc_cee_adapted,gross_horizon_emissions_g,12,62.094868669687656,48.49521200302794,70.90767174377194,3.088247591078981,228.7175375061342
sla_stress,ecc_cee_adapted,gross_horizon_energy_wh,12,596.5415040377751,549.9483764536745,600.8066973528695,22.51221405837295,1391.7340650754727
sla_stress,ecc_cee_adapted,makespan_s,12,1120.7139864059427,1084.4429040603864,1153.8081943844104,15.488104481773917,2260.193880609935
sla_stress,ecc_cee_adapted,deadline_miss_ratio,12,0.0,0.0,0.0,0.0,0.0
sla_stress,ecc_cee_adapted,total_tardiness_s,12,0.0,0.0,0.0,0.0,0.0
sla_stress,ecc_cee_adapted,migration_volume_gib,12,24.626767956404468,28.52144021950128,10.015822455039027,0.4531227850221166,33.21572828026743
sla_stress,ecc_cee_adapted,migration_energy_wh,12,1.4776060773842679,1.711286413170077,0.6009493473023416,0.027187367101326996,1.992943696816046
sla_stress,ecc_cee_adapted,migration_emissions_g,12,0.1795508153514386,0.21238502583788016,0.07572746645828132,0.007354182800908953,0.26361019025185584
sla_stress,ecc_cee_adapted,active_node_count,12,11.666666666666666,12.5,5.262791055796316,5.0,18.0
sla_stress,ecc_cee_adapted,wall_time_s,12,25.44119149999953,25.181335735500397,4.292556670973144,20.108545735001826,30.29504075299974
sla_stress,ecc_cee_adapted,actual_objective_calls,12,396.0,396.0,0.0,396.0,396.0
sla_stress,eco_pso_joint,scheduler_controllable_emissions_g,12,106.29499855067901,103.27413495789622,104.49736711709637,6.3534467956824345,221.68936558814931
sla_stress,eco_pso_joint,scheduler_controllable_energy_wh,12,643.192142826954,619.7282987231862,636.912915970565,33.815841566687745,1313.9341693057208
sla_stress,eco_pso_joint,gross_horizon_emissions_g,12,113.57570645206057,108.87555910019051,112.0528958023005,6.503464404352904,239.73507386313838
sla_stress,eco_pso_joint,gross_horizon_energy_wh,12,688.0560333818247,653.163036940102,683.5069359770974,34.63179229436865,1425.5959166289315
sla_stress,eco_pso_joint,makespan_s,12,1159.5414458998614,1126.242937524832,1193.500359992062,16.519512381753884,2357.106022495951
sla_stress,eco_pso_joint,deadline_miss_ratio,12,0.0,0.0,0.0,0.0,0.0
sla_stress,eco_pso_joint,total_tardiness_s,12,0.0,0.0,0.0,0.0,0.0
sla_stress,eco_pso_joint,migration_volume_gib,12,0.4800024301387357,0.025709459526816508,0.8604842408119413,0.0,2.3718828321855345
sla_stress,eco_pso_joint,migration_energy_wh,12,0.02880014580832414,0.0015425675716089903,0.05162905444871648,0.0,0.1423129699311321
sla_stress,eco_pso_joint,migration_emissions_g,12,0.007545322945297181,0.0004172645281202319,0.013400021358411016,0.0,0.03667314650813658
sla_stress,eco_pso_joint,active_node_count,12,6.833333333333333,7.0,0.8348471099367217,6.0,8.0
sla_stress,eco_pso_joint,wall_time_s,12,17.404477242583273,17.380977454999993,1.1269695867605365,15.908775649997551,19.485367668001345
sla_stress,eco_pso_joint,actual_objective_calls,12,396.0,396.0,0.0,396.0,396.0
sla_stress,hcsmo_v6d,scheduler_controllable_emissions_g,12,46.38936030929696,40.7554319131653,46.33529366909248,1.4518112988872163,101.03643685147404
sla_stress,hcsmo_v6d,scheduler_controllable_energy_wh,12,535.4736832701566,503.6805335750348,534.4057255299036,21.915453414397437,1112.3493525009512
sla_stress,hcsmo_v6d,gross_horizon_emissions_g,12,53.670068210678544,46.43856703022806,53.69761842423289,1.6018289075576861,111.14965204453323
sla_stress,hcsmo_v6d,gross_horizon_energy_wh,12,580.3375738250274,559.9534066520594,580.1644506220817,22.71426016305584,1178.5147428939679
sla_stress,hcsmo_v6d,makespan_s,12,1111.0869866692472,1074.887347132637,1143.8676297612424,15.488104481773917,2260.193880609935
sla_stress,hcsmo_v6d,deadline_miss_ratio,12,0.0,0.0,0.0,0.0,0.0
sla_stress,hcsmo_v6d,total_tardiness_s,12,0.0,0.0,0.0,0.0,0.0
sla_stress,hcsmo_v6d,migration_volume_gib,12,40.32535412972114,31.293194089292648,19.92328710911045,17.621743069396533,75.58470737452397
sla_stress,hcsmo_v6d,migration_energy_wh,12,2.4195212477832686,1.8775916453575587,1.195397226546627,1.0573045841637918,4.535082442471437
sla_stress,hcsmo_v6d,migration_emissions_g,12,0.2942943381039624,0.22665133445977062,0.14219543800678006,0.12180549975409548,0.56448049698444
sla_stress,hcsmo_v6d,active_node_count,12,5.583333333333333,5.0,3.3967453227875044,3.0,16.0
sla_stress,hcsmo_v6d,wall_time_s,12,50.04429784391732,50.822328840999944,6.156426938213079,41.65138443500109,57.16167014799976
sla_stress,hcsmo_v6d,actual_objective_calls,12,396.0,396.0,0.0,396.0,396.0
sla_stress,jellyfish_rts_adapted,scheduler_controllable_emissions_g,12,54.28220595046173,42.81182418399913,63.482580899764976,3.1695560854650946,210.31437057462156
sla_stress,jellyfish_rts_adapted,scheduler_controllable_energy_wh,12,546.5362343814851,515.1507326066367,548.0631561581366,24.19380200293141,1277.79821450504
sla_stress,jellyfish_rts_adapted,gross_horizon_emissions_g,12,61.56291385184331,48.49521200302794,70.54036055532724,3.3215629354460225,228.7175375061342
sla_stress,jellyfish_rts_adapted,gross_horizon_energy_wh,12,591.400124936356,549.9483764536745,595.0383000822751,25.003200970713863,1391.7340650754727
sla_stress,jellyfish_rts_adapted,makespan_s,12,1124.6766139757092,1084.4429040603864,1158.1508611672882,15.488104481773917,2307.745411447133
sla_stress,jellyfish_rts_adapted,deadline_miss_ratio,12,0.0,0.0,0.0,0.0,0.0
sla_stress,jellyfish_rts_adapted,total_tardiness_s,12,0.0,0.0,0.0,0.0,0.0
sla_stress,jellyfish_rts_adapted,migration_volume_gib,12,23.92599228103195,24.316786167266166,9.814897254069313,0.4531227850221166,33.21572828026743
sla_stress,jellyfish_rts_adapted,migration_energy_wh,12,1.4355595368619165,1.45900717003597,0.588893835244159,0.027187367101326996,1.992943696816046
sla_stress,jellyfish_rts_adapted,migration_emissions_g,12,0.16943049068708252,0.169976681075763,0.07135640652517328,0.007354182800908953,0.24611428851813896
sla_stress,jellyfish_rts_adapted,active_node_count,12,10.916666666666666,11.0,5.333570070503405,5.0,18.0
sla_stress,jellyfish_rts_adapted,wall_time_s,12,27.950065869749096,27.87859381999806,3.493099157771904,22.903525718997116,34.93912999599888
sla_stress,jellyfish_rts_adapted,actual_objective_calls,12,396.0,396.0,0.0,396.0,396.0
sla_stress,meo_adapted,scheduler_controllable_emissions_g,12,54.28212497924079,42.81182418399913,63.48254082435725,3.1695560854650946,210.31437057462156
sla_stress,meo_adapted,scheduler_controllable_energy_wh,12,546.5361126619499,515.1507326066367,548.0630398536969,24.19380200293141,1277.79821450504
sla_stress,meo_adapted,gross_horizon_emissions_g,12,61.56283288062237,48.49521200302794,70.54032013138588,3.3215629354460225,228.7175375061342
sla_stress,meo_adapted,gross_horizon_energy_wh,12,591.4000032168207,549.9483764536745,595.0381882294542,25.003200970713863,1391.7340650754727
sla_stress,meo_adapted,makespan_s,12,1124.6766139757092,1084.4429040603864,1158.1508611672882,15.488104481773917,2307.745411447133
sla_stress,meo_adapted,deadline_miss_ratio,12,0.0,0.0,0.0,0.0,0.0
sla_stress,meo_adapted,total_tardiness_s,12,0.0,0.0,0.0,0.0,0.0
sla_stress,meo_adapted,migration_volume_gib,12,23.92599228103195,24.316786167266166,9.814897254069313,0.4531227850221166,33.21572828026743
sla_stress,meo_adapted,migration_energy_wh,12,1.4355595368619165,1.45900717003597,0.588893835244159,0.027187367101326996,1.992943696816046
sla_stress,meo_adapted,migration_emissions_g,12,0.16943049068708252,0.169976681075763,0.07135640652517328,0.007354182800908953,0.24611428851813896
sla_stress,meo_adapted,active_node_count,12,10.916666666666666,11.0,5.333570070503405,5.0,18.0
sla_stress,meo_adapted,wall_time_s,12,18.464261012666764,18.479513373001282,1.7537652086348423,16.488821430000826,21.465915630997188
sla_stress,meo_adapted,actual_objective_calls,12,396.0,396.0,0.0,396.0,396.0
sla_stress,nsga_ii,scheduler_controllable_emissions_g,12,46.60935962063369,42.79331598923825,46.09442450328663,3.1691837816004913,118.27895076125644
sla_stress,nsga_ii,scheduler_controllable_energy_wh,12,535.3186310957058,514.9764069578777,532.916013218587,24.191352635401117,1143.7091402974543
sla_stress,nsga_ii,gross_horizon_emissions_g,12,53.89006752201528,48.47670380826706,53.7071339970992,3.3211906315814193,136.68211769276908
sla_stress,nsga_ii,gross_horizon_energy_wh,12,580.1825216505765,549.7740508049155,579.6631786662687,25.00075160318357,1257.644990867887
sla_stress,nsga_ii,makespan_s,12,1122.3695759773254,1084.4429040603864,1155.7638075980428,15.488104481773917,2307.745411447133
sla_stress,nsga_ii,deadline_miss_ratio,12,0.0,0.0,0.0,0.0,0.0
sla_stress,nsga_ii,total_tardiness_s,12,0.0,0.0,0.0,0.0,0.0
sla_stress,nsga_ii,migration_volume_gib,12,26.700847207122013,28.95978302544186,6.827878211672095,15.94160432790606,33.751381898102856
sla_stress,nsga_ii,migration_energy_wh,12,1.6020508324273204,1.7375869815265115,0.4096726927003258,0.9564962596743637,2.0250829138861715
sla_stress,nsga_ii,migration_emissions_g,12,0.19011157633986217,0.21238502583788016,0.05395328976098605,0.1200018835710392,0.2555272106342644
sla_stress,nsga_ii,active_node_count,12,11.166666666666666,12.5,5.254146991287986,5.0,18.0
sla_stress,nsga_ii,wall_time_s,12,24.10737849966684,24.78163322200089,2.998891706712779,20.447889316001238,27.72452598000018
sla_stress,nsga_ii,actual_objective_calls,12,396.0,396.0,0.0,396.0,396.0
sla_stress,ppo_joint,scheduler_controllable_emissions_g,12,106.29499855067901,103.27413495789622,104.49736711709637,6.3534467956824345,221.68936558814931
sla_stress,ppo_joint,scheduler_controllable_energy_wh,12,643.192142826954,619.7282987231862,636.912915970565,33.815841566687745,1313.9341693057208
sla_stress,ppo_joint,gross_horizon_emissions_g,12,113.57570645206057,108.87555910019051,112.0528958023005,6.503464404352904,239.73507386313838
sla_stress,ppo_joint,gross_horizon_energy_wh,12,688.0560333818247,653.163036940102,683.5069359770974,34.63179229436865,1425.5959166289315
sla_stress,ppo_joint,makespan_s,12,1159.5414458998614,1126.242937524832,1193.500359992062,16.519512381753884,2357.106022495951
sla_stress,ppo_joint,deadline_miss_ratio,12,0.0,0.0,0.0,0.0,0.0
sla_stress,ppo_joint,total_tardiness_s,12,0.0,0.0,0.0,0.0,0.0
sla_stress,ppo_joint,migration_volume_gib,12,0.4800024301387357,0.025709459526816508,0.8604842408119413,0.0,2.3718828321855345
sla_stress,ppo_joint,migration_energy_wh,12,0.02880014580832414,0.0015425675716089903,0.05162905444871648,0.0,0.1423129699311321
sla_stress,ppo_joint,migration_emissions_g,12,0.007545322945297181,0.0004172645281202319,0.013400021358411016,0.0,0.03667314650813658
sla_stress,ppo_joint,active_node_count,12,6.833333333333333,7.0,0.8348471099367217,6.0,8.0
sla_stress,ppo_joint,wall_time_s,12,582.5616445134998,580.5794285724996,12.347288036598416,562.1664311729983,604.086416664999
sla_stress,ppo_joint,actual_objective_calls,12,396.0,396.0,0.0,396.0,396.0
sla_stress,tm_moaoa_joint,scheduler_controllable_emissions_g,12,105.69520478149848,103.27413495789622,105.13060549769004,2.7292611215283227,221.68936558814931
sla_stress,tm_moaoa_joint,scheduler_controllable_energy_wh,12,641.1926093483352,619.7282987231862,639.0134005340552,21.745215195127386,1313.9341693057208
sla_stress,tm_moaoa_joint,gross_horizon_emissions_g,12,112.97591268288004,108.87555910019051,112.68507344087213,2.8792787301987923,239.73507386313838
sla_stress,tm_moaoa_joint,gross_horizon_energy_wh,12,686.0564999032059,653.163036940102,685.6048458157542,22.54402194378579,1425.5959166289315
sla_stress,tm_moaoa_joint,makespan_s,12,1159.4633927893835,1126.242937524832,1193.5819080134345,15.78803254844388,2357.106022495951
sla_stress,tm_moaoa_joint,deadline_miss_ratio,12,0.0,0.0,0.0,0.0,0.0
sla_stress,tm_moaoa_joint,total_tardiness_s,12,0.0,0.0,0.0,0.0,0.0
sla_stress,tm_moaoa_joint,migration_volume_gib,12,13.160394840772055,0.3386254113791328,29.410959216170355,0.0,77.73201149276478
sla_stress,tm_moaoa_joint,migration_energy_wh,12,0.7896236904463233,0.020317524682747973,1.7646575529702209,0.0,4.663920689565886
sla_stress,tm_moaoa_joint,migration_emissions_g,12,0.14271172762523324,0.0054958904266833265,0.31256361985611186,0.0,0.8329139212590225
sla_stress,tm_moaoa_joint,active_node_count,12,6.333333333333333,7.0,1.7232808737106582,3.0,8.0
sla_stress,tm_moaoa_joint,wall_time_s,12,31.096316586499825,30.402912985000512,5.298496573380965,25.24672962200202,37.37227440899915
sla_stress,tm_moaoa_joint,actual_objective_calls,12,396.0,396.0,0.0,396.0,396.0
