track,scenario_id,method,hypervolume_3d_exact_normalized
representative,rep_Google2011v2_trace_dynamic_n030_811,hcsmo_v6d,8.265361491576163
representative,rep_Google2011v2_trace_dynamic_n030_811,ecc_cee_adapted,8.035636049266529
representative,rep_Google2011v2_trace_dynamic_n030_811,eco_pso_joint,3.5079604361897743
representative,rep_Google2011v2_trace_dynamic_n030_811,tm_moaoa_joint,5.79841624272969
representative,rep_Google2011v2_trace_dynamic_n030_811,meo_adapted,7.757553427536263
representative,rep_Google2011v2_trace_dynamic_n030_811,jellyfish_rts_adapted,7.829210888477266
representative,rep_Google2011v2_trace_dynamic_n030_811,nsga_ii,7.845742339313917
representative,rep_Google2011v2_trace_dynamic_n030_811,ppo_joint,5.536964072612528
representative,rep_Google2011v2_flexible_dynamic_n030_811,hcsmo_v6d,31.343350758689827
representative,rep_Google2011v2_flexible_dynamic_n030_811,ecc_cee_adapted,30.0270507214821
representative,rep_Google2011v2_flexible_dynamic_n030_811,eco_pso_joint,11.51035193430616
representative,rep_Google2011v2_flexible_dynamic_n030_811,tm_moaoa_joint,25.942287004953958
representative,rep_Google2011v2_flexible_dynamic_n030_811,meo_adapted,29.364868404827106
representative,rep_Google2011v2_flexible_dynamic_n030_811,jellyfish_rts_adapted,29.73155170611884
representative,rep_Google2011v2_flexible_dynamic_n030_811,nsga_ii,29.743919238402125
representative,rep_Google2011v2_flexible_dynamic_n030_811,ppo_joint,20.07249309849124
representative,rep_Alibaba2017_trace_dynamic_n030_811,hcsmo_v6d,86.48379053251793
representative,rep_Alibaba2017_trace_dynamic_n030_811,ecc_cee_adapted,86.34964493047667
representative,rep_Alibaba2017_trace_dynamic_n030_811,eco_pso_joint,66.29140664214964
representative,rep_Alibaba2017_trace_dynamic_n030_811,tm_moaoa_joint,76.96559902572073
representative,rep_Alibaba2017_trace_dynamic_n030_811,meo_adapted,86.2760380850199
representative,rep_Alibaba2017_trace_dynamic_n030_811,jellyfish_rts_adapted,86.43107723478778
representative,rep_Alibaba2017_trace_dynamic_n030_811,nsga_ii,86.29378263287532
representative,rep_Alibaba2017_trace_dynamic_n030_811,ppo_joint,75.03251834964269
representative,rep_Alibaba2017_flexible_dynamic_n030_811,hcsmo_v6d,117.9294636855395
representative,rep_Alibaba2017_flexible_dynamic_n030_811,ecc_cee_adapted,117.2423558585673
representative,rep_Alibaba2017_flexible_dynamic_n030_811,eco_pso_joint,85.9576112521833
representative,rep_Alibaba2017_flexible_dynamic_n030_811,tm_moaoa_joint,114.48766545650473
representative,rep_Alibaba2017_flexible_dynamic_n030_811,meo_adapted,117.14701842248719
representative,rep_Alibaba2017_flexible_dynamic_n030_811,jellyfish_rts_adapted,117.36218807826614
representative,rep_Alibaba2017_flexible_dynamic_n030_811,nsga_ii,117.22559458149536
representative,rep_Alibaba2017_flexible_dynamic_n030_811,ppo_joint,98.61332057535151
representative,rep_Google2011v2_trace_dynamic_n060_823,hcsmo_v6d,374.41623773252877
representative,rep_Google2011v2_trace_dynamic_n060_823,ecc_cee_adapted,345.6295559653517
representative,rep_Google2011v2_trace_dynamic_n060_823,eco_pso_joint,70.5845845620857
representative,rep_Google2011v2_trace_dynamic_n060_823,tm_moaoa_joint,249.2194063922227
representative,rep_Google2011v2_trace_dynamic_n060_823,meo_adapted,344.39720277443706
representative,rep_Google2011v2_trace_dynamic_n060_823,jellyfish_rts_adapted,344.3971926062155
representative,rep_Google2011v2_trace_dynamic_n060_823,nsga_ii,344.8235084251823
representative,rep_Google2011v2_trace_dynamic_n060_823,ppo_joint,225.08055167074045
representative,rep_Google2011v2_flexible_dynamic_n060_823,hcsmo_v6d,861.583962703425
representative,rep_Google2011v2_flexible_dynamic_n060_823,ecc_cee_adapted,801.3740212369557
representative,rep_Google2011v2_flexible_dynamic_n060_823,eco_pso_joint,226.7922806505948
representative,rep_Google2011v2_flexible_dynamic_n060_823,tm_moaoa_joint,666.1247861908128
representative,rep_Google2011v2_flexible_dynamic_n060_823,meo_adapted,801.9747417283788
representative,rep_Google2011v2_flexible_dynamic_n060_823,jellyfish_rts_adapted,801.9417649847567
representative,rep_Google2011v2_flexible_dynamic_n060_823,nsga_ii,804.9837153754734
representative,rep_Google2011v2_flexible_dynamic_n060_823,ppo_joint,574.4627831001399
representative,rep_Alibaba2017_trace_dynamic_n060_823,hcsmo_v6d,2490.2719730556214
representative,rep_Alibaba2017_trace_dynamic_n060_823,ecc_cee_adapted,2375.812637542641
representative,rep_Alibaba2017_trace_dynamic_n060_823,eco_pso_joint,1399.8792876421426
representative,rep_Alibaba2017_trace_dynamic_n060_823,tm_moaoa_joint,2468.311282078984
representative,rep_Alibaba2017_trace_dynamic_n060_823,meo_adapted,2359.561628482835
representative,rep_Alibaba2017_trace_dynamic_n060_823,jellyfish_rts_adapted,2386.186557601003
representative,rep_Alibaba2017_trace_dynamic_n060_823,nsga_ii,2363.811491329514
representative,rep_Alibaba2017_trace_dynamic_n060_823,ppo_joint,2025.7773597973164
representative,rep_Alibaba2017_flexible_dynamic_n060_823,hcsmo_v6d,6867.347963393127
representative,rep_Alibaba2017_flexible_dynamic_n060_823,ecc_cee_adapted,6699.677597805645
representative,rep_Alibaba2017_flexible_dynamic_n060_823,eco_pso_joint,3135.84797578279
representative,rep_Alibaba2017_flexible_dynamic_n060_823,tm_moaoa_joint,6819.08791980662
representative,rep_Alibaba2017_flexible_dynamic_n060_823,meo_adapted,6667.924998392209
representative,rep_Alibaba2017_flexible_dynamic_n060_823,jellyfish_rts_adapted,6710.083983064944
representative,rep_Alibaba2017_flexible_dynamic_n060_823,nsga_ii,6669.289187156374
representative,rep_Alibaba2017_flexible_dynamic_n060_823,ppo_joint,5477.250769782868
representative,rep_Google2011v2_trace_dynamic_n090_827,hcsmo_v6d,255.75603720012452
representative,rep_Google2011v2_trace_dynamic_n090_827,ecc_cee_adapted,241.8314846618959
representative,rep_Google2011v2_trace_dynamic_n090_827,eco_pso_joint,36.7911603304206
representative,rep_Google2011v2_trace_dynamic_n090_827,tm_moaoa_joint,189.36273050789833
representative,rep_Google2011v2_trace_dynamic_n090_827,meo_adapted,241.8314846618959
representative,rep_Google2011v2_trace_dynamic_n090_827,jellyfish_rts_adapted,241.8314846618959
representative,rep_Google2011v2_trace_dynamic_n090_827,nsga_ii,241.83455180789124
representative,rep_Google2011v2_trace_dynamic_n090_827,ppo_joint,167.68787742032498
representative,rep_Google2011v2_flexible_dynamic_n090_827,hcsmo_v6d,654.5677679523203
representative,rep_Google2011v2_flexible_dynamic_n090_827,ecc_cee_adapted,606.9238198204025
representative,rep_Google2011v2_flexible_dynamic_n090_827,eco_pso_joint,84.99133479161728
representative,rep_Google2011v2_flexible_dynamic_n090_827,tm_moaoa_joint,503.92551550165786
representative,rep_Google2011v2_flexible_dynamic_n090_827,meo_adapted,606.8993604762906
representative,rep_Google2011v2_flexible_dynamic_n090_827,jellyfish_rts_adapted,606.8494266735726
representative,rep_Google2011v2_flexible_dynamic_n090_827,nsga_ii,606.6950993739613
representative,rep_Google2011v2_flexible_dynamic_n090_827,ppo_joint,413.85748711034563
representative,rep_Alibaba2017_trace_dynamic_n090_827,hcsmo_v6d,1378.5909394526288
representative,rep_Alibaba2017_trace_dynamic_n090_827,ecc_cee_adapted,1223.140070286823
representative,rep_Alibaba2017_trace_dynamic_n090_827,eco_pso_joint,568.4666171932545
representative,rep_Alibaba2017_trace_dynamic_n090_827,tm_moaoa_joint,1375.415511702487
representative,rep_Alibaba2017_trace_dynamic_n090_827,meo_adapted,1214.4704295838467
representative,rep_Alibaba2017_trace_dynamic_n090_827,jellyfish_rts_adapted,1291.9654204661094
representative,rep_Alibaba2017_trace_dynamic_n090_827,nsga_ii,1202.239953520703
representative,rep_Alibaba2017_trace_dynamic_n090_827,ppo_joint,1051.0438611084862
representative,rep_Alibaba2017_flexible_dynamic_n090_827,hcsmo_v6d,3639.162237028772
representative,rep_Alibaba2017_flexible_dynamic_n090_827,ecc_cee_adapted,3365.8419227629447
representative,rep_Alibaba2017_flexible_dynamic_n090_827,eco_pso_joint,1603.7476160572676
representative,rep_Alibaba2017_flexible_dynamic_n090_827,tm_moaoa_joint,3631.2095153860255
representative,rep_Alibaba2017_flexible_dynamic_n090_827,meo_adapted,3269.5007039520347
representative,rep_Alibaba2017_flexible_dynamic_n090_827,jellyfish_rts_adapted,3410.5221763840327
representative,rep_Alibaba2017_flexible_dynamic_n090_827,nsga_ii,3225.759932817764
representative,rep_Alibaba2017_flexible_dynamic_n090_827,ppo_joint,2633.538504456617
sla_stress,sla_Google2011v2_trace_dynamic_n150_workload_6000,hcsmo_v6d,16.461654805927214
sla_stress,sla_Google2011v2_trace_dynamic_n150_workload_6000,ecc_cee_adapted,13.500177116420243
sla_stress,sla_Google2011v2_trace_dynamic_n150_workload_6000,eco_pso_joint,1.4677099185077265
sla_stress,sla_Google2011v2_trace_dynamic_n150_workload_6000,tm_moaoa_joint,2.337806656447666
sla_stress,sla_Google2011v2_trace_dynamic_n150_workload_6000,meo_adapted,13.456101771237943
sla_stress,sla_Google2011v2_trace_dynamic_n150_workload_6000,jellyfish_rts_adapted,13.456101771237943
sla_stress,sla_Google2011v2_trace_dynamic_n150_workload_6000,nsga_ii,13.74614241614356
sla_stress,sla_Google2011v2_trace_dynamic_n150_workload_6000,ppo_joint,2.214579488012446
sla_stress,sla_Google2011v2_trace_dynamic_n150_workload_6101,hcsmo_v6d,6.712687351456418
sla_stress,sla_Google2011v2_trace_dynamic_n150_workload_6101,ecc_cee_adapted,5.543815445064659
sla_stress,sla_Google2011v2_trace_dynamic_n150_workload_6101,eco_pso_joint,0.20901971590770554
sla_stress,sla_Google2011v2_trace_dynamic_n150_workload_6101,tm_moaoa_joint,0.5456988667438724
sla_stress,sla_Google2011v2_trace_dynamic_n150_workload_6101,meo_adapted,5.546740385671325
sla_stress,sla_Google2011v2_trace_dynamic_n150_workload_6101,jellyfish_rts_adapted,5.54377798347241
sla_stress,sla_Google2011v2_trace_dynamic_n150_workload_6101,nsga_ii,5.558470117722454
sla_stress,sla_Google2011v2_trace_dynamic_n150_workload_6101,ppo_joint,0.5989385971872324
sla_stress,sla_Google2011v2_trace_dynamic_n150_workload_6102,hcsmo_v6d,6.548442840311664
sla_stress,sla_Google2011v2_trace_dynamic_n150_workload_6102,ecc_cee_adapted,5.987255716147803
sla_stress,sla_Google2011v2_trace_dynamic_n150_workload_6102,eco_pso_joint,0.43256542835505135
sla_stress,sla_Google2011v2_trace_dynamic_n150_workload_6102,tm_moaoa_joint,0.9208782312750512
sla_stress,sla_Google2011v2_trace_dynamic_n150_workload_6102,meo_adapted,5.985376007391045
sla_stress,sla_Google2011v2_trace_dynamic_n150_workload_6102,jellyfish_rts_adapted,5.903504067402016
sla_stress,sla_Google2011v2_trace_dynamic_n150_workload_6102,nsga_ii,6.1311255023438065
sla_stress,sla_Google2011v2_trace_dynamic_n150_workload_6102,ppo_joint,0.9691529175546896
sla_stress,sla_Google2011v2_flexible_dynamic_n150_workload_6000,hcsmo_v6d,84.46926437232617
sla_stress,sla_Google2011v2_flexible_dynamic_n150_workload_6000,ecc_cee_adapted,70.42079944319093
sla_stress,sla_Google2011v2_flexible_dynamic_n150_workload_6000,eco_pso_joint,9.378581004328307
sla_stress,sla_Google2011v2_flexible_dynamic_n150_workload_6000,tm_moaoa_joint,15.668115055602035
sla_stress,sla_Google2011v2_flexible_dynamic_n150_workload_6000,meo_adapted,70.42156473677682
sla_stress,sla_Google2011v2_flexible_dynamic_n150_workload_6000,jellyfish_rts_adapted,70.42079944319093
sla_stress,sla_Google2011v2_flexible_dynamic_n150_workload_6000,nsga_ii,70.75493779844828
sla_stress,sla_Google2011v2_flexible_dynamic_n150_workload_6000,ppo_joint,13.375368012827366
sla_stress,sla_Google2011v2_flexible_dynamic_n150_workload_6101,hcsmo_v6d,31.784117885445617
sla_stress,sla_Google2011v2_flexible_dynamic_n150_workload_6101,ecc_cee_adapted,25.63864439488306
sla_stress,sla_Google2011v2_flexible_dynamic_n150_workload_6101,eco_pso_joint,1.0205196796165106
sla_stress,sla_Google2011v2_flexible_dynamic_n150_workload_6101,tm_moaoa_joint,4.473975821656589
sla_stress,sla_Google2011v2_flexible_dynamic_n150_workload_6101,meo_adapted,25.635926440475306
sla_stress,sla_Google2011v2_flexible_dynamic_n150_workload_6101,jellyfish_rts_adapted,25.633707180418867
sla_stress,sla_Google2011v2_flexible_dynamic_n150_workload_6101,nsga_ii,26.528478213404462
sla_stress,sla_Google2011v2_flexible_dynamic_n150_workload_6101,ppo_joint,3.583871694713343
sla_stress,sla_Google2011v2_flexible_dynamic_n150_workload_6102,hcsmo_v6d,60.88140422016455
sla_stress,sla_Google2011v2_flexible_dynamic_n150_workload_6102,ecc_cee_adapted,51.813879593231015
sla_stress,sla_Google2011v2_flexible_dynamic_n150_workload_6102,eco_pso_joint,1.3839079364027251
sla_stress,sla_Google2011v2_flexible_dynamic_n150_workload_6102,tm_moaoa_joint,5.236453874667649
sla_stress,sla_Google2011v2_flexible_dynamic_n150_workload_6102,meo_adapted,51.81342035504903
sla_stress,sla_Google2011v2_flexible_dynamic_n150_workload_6102,jellyfish_rts_adapted,51.81342035504903
sla_stress,sla_Google2011v2_flexible_dynamic_n150_workload_6102,nsga_ii,52.29413397076762
sla_stress,sla_Google2011v2_flexible_dynamic_n150_workload_6102,ppo_joint,4.430060193153725
sla_stress,sla_Alibaba2017_trace_dynamic_n150_workload_6000,hcsmo_v6d,105.46573761329793
sla_stress,sla_Alibaba2017_trace_dynamic_n150_workload_6000,ecc_cee_adapted,100.2280494599704
sla_stress,sla_Alibaba2017_trace_dynamic_n150_workload_6000,eco_pso_joint,49.23909954933853
sla_stress,sla_Alibaba2017_trace_dynamic_n150_workload_6000,tm_moaoa_joint,85.38870800782959
sla_stress,sla_Alibaba2017_trace_dynamic_n150_workload_6000,meo_adapted,99.68751511904013
sla_stress,sla_Alibaba2017_trace_dynamic_n150_workload_6000,jellyfish_rts_adapted,99.46619810881232
sla_stress,sla_Alibaba2017_trace_dynamic_n150_workload_6000,nsga_ii,99.44526461871523
sla_stress,sla_Alibaba2017_trace_dynamic_n150_workload_6000,ppo_joint,75.84832573034302
sla_stress,sla_Alibaba2017_trace_dynamic_n150_workload_6101,hcsmo_v6d,75.67064302970655
sla_stress,sla_Alibaba2017_trace_dynamic_n150_workload_6101,ecc_cee_adapted,73.7221754143269
sla_stress,sla_Alibaba2017_trace_dynamic_n150_workload_6101,eco_pso_joint,23.26884990384154
sla_stress,sla_Alibaba2017_trace_dynamic_n150_workload_6101,tm_moaoa_joint,64.50118693411565
sla_stress,sla_Alibaba2017_trace_dynamic_n150_workload_6101,meo_adapted,73.68623410330548
sla_stress,sla_Alibaba2017_trace_dynamic_n150_workload_6101,jellyfish_rts_adapted,73.70197388190552
sla_stress,sla_Alibaba2017_trace_dynamic_n150_workload_6101,nsga_ii,74.08394887533282
sla_stress,sla_Alibaba2017_trace_dynamic_n150_workload_6101,ppo_joint,37.74344687550689
sla_stress,sla_Alibaba2017_trace_dynamic_n150_workload_6102,hcsmo_v6d,167.45569472221905
sla_stress,sla_Alibaba2017_trace_dynamic_n150_workload_6102,ecc_cee_adapted,166.8028549285403
sla_stress,sla_Alibaba2017_trace_dynamic_n150_workload_6102,eco_pso_joint,55.222219308508684
sla_stress,sla_Alibaba2017_trace_dynamic_n150_workload_6102,tm_moaoa_joint,147.7440889062986
sla_stress,sla_Alibaba2017_trace_dynamic_n150_workload_6102,meo_adapted,164.206681433038
sla_stress,sla_Alibaba2017_trace_dynamic_n150_workload_6102,jellyfish_rts_adapted,164.2169147005136
sla_stress,sla_Alibaba2017_trace_dynamic_n150_workload_6102,nsga_ii,166.18173824816532
sla_stress,sla_Alibaba2017_trace_dynamic_n150_workload_6102,ppo_joint,101.39196240637888
sla_stress,sla_Alibaba2017_flexible_dynamic_n150_workload_6000,hcsmo_v6d,77.73570357630861
sla_stress,sla_Alibaba2017_flexible_dynamic_n150_workload_6000,ecc_cee_adapted,74.30346520935906
sla_stress,sla_Alibaba2017_flexible_dynamic_n150_workload_6000,eco_pso_joint,23.383517343463517
sla_stress,sla_Alibaba2017_flexible_dynamic_n150_workload_6000,tm_moaoa_joint,42.85433108168084
sla_stress,sla_Alibaba2017_flexible_dynamic_n150_workload_6000,meo_adapted,73.46268723312349
sla_stress,sla_Alibaba2017_flexible_dynamic_n150_workload_6000,jellyfish_rts_adapted,73.47097154001743
sla_stress,sla_Alibaba2017_flexible_dynamic_n150_workload_6000,nsga_ii,73.80944920169387
sla_stress,sla_Alibaba2017_flexible_dynamic_n150_workload_6000,ppo_joint,45.882767361954436
sla_stress,sla_Alibaba2017_flexible_dynamic_n150_workload_6101,hcsmo_v6d,65.60642752968161
sla_stress,sla_Alibaba2017_flexible_dynamic_n150_workload_6101,ecc_cee_adapted,65.29958723907
sla_stress,sla_Alibaba2017_flexible_dynamic_n150_workload_6101,eco_pso_joint,22.05672482280073
sla_stress,sla_Alibaba2017_flexible_dynamic_n150_workload_6101,tm_moaoa_joint,40.70650482358322
sla_stress,sla_Alibaba2017_flexible_dynamic_n150_workload_6101,meo_adapted,65.09904349445063
sla_stress,sla_Alibaba2017_flexible_dynamic_n150_workload_6101,jellyfish_rts_adapted,64.88958446406261
sla_stress,sla_Alibaba2017_flexible_dynamic_n150_workload_6101,nsga_ii,65.31438579802713
sla_stress,sla_Alibaba2017_flexible_dynamic_n150_workload_6101,ppo_joint,47.03633420626463
sla_stress,sla_Alibaba2017_flexible_dynamic_n150_workload_6102,hcsmo_v6d,76.90324750235186
sla_stress,sla_Alibaba2017_flexible_dynamic_n150_workload_6102,ecc_cee_adapted,71.9225867641299
sla_stress,sla_Alibaba2017_flexible_dynamic_n150_workload_6102,eco_pso_joint,21.445897082810102
sla_stress,sla_Alibaba2017_flexible_dynamic_n150_workload_6102,tm_moaoa_joint,70.64226424930247
sla_stress,sla_Alibaba2017_flexible_dynamic_n150_workload_6102,meo_adapted,71.95301891612628
sla_stress,sla_Alibaba2017_flexible_dynamic_n150_workload_6102,jellyfish_rts_adapted,71.94255276921253
sla_stress,sla_Alibaba2017_flexible_dynamic_n150_workload_6102,nsga_ii,72.36195459673982
sla_stress,sla_Alibaba2017_flexible_dynamic_n150_workload_6102,ppo_joint,44.21812495130561
