track,scenario_id,base_scenario_id,method,migration_volume_gib,migration_energy_wh,migration_emissions_g,gross_horizon_energy_wh,gross_horizon_emissions_g,makespan_s,migration_energy_fraction_pct,migration_emissions_fraction_pct
representative,rep_Alibaba2017_flexible_dynamic_n030_811,rep_Alibaba2017_flexible_dynamic_n030_811,ecc_cee_adapted,15.017875909196727,0.9010725545518038,0.12532922879403557,250.70425525241896,42.97828697057423,25522.176711051492,0.35941653788228217,0.29161057275233937
representative,rep_Alibaba2017_flexible_dynamic_n030_811,rep_Alibaba2017_flexible_dynamic_n030_811,eco_pso_joint,14.781642637123612,0.8868985582274169,0.1725659004478027,386.08037745337793,84.18450770652015,25655.252765735495,0.2297186311507159,0.20498534130459417
representative,rep_Alibaba2017_flexible_dynamic_n030_811,rep_Alibaba2017_flexible_dynamic_n030_811,hcsmo_v6d,16.756327492040388,1.0053796495224234,0.15670661993632307,251.82971134398088,43.541513782923055,25522.019092861796,0.3992299574807314,0.3599016348342562
representative,rep_Alibaba2017_flexible_dynamic_n030_811,rep_Alibaba2017_flexible_dynamic_n030_811,jellyfish_rts_adapted,15.017875909196727,0.9010725545518038,0.12532922879403557,251.0033491384875,42.9694328771769,25522.176711051492,0.3589882595768274,0.29167066075150333
representative,rep_Alibaba2017_flexible_dynamic_n030_811,rep_Alibaba2017_flexible_dynamic_n030_811,meo_adapted,15.017875909196727,0.9010725545518038,0.12532922879403557,251.0033491384875,42.9694328771769,25522.176711051492,0.3589882595768274,0.29167066075150333
representative,rep_Alibaba2017_flexible_dynamic_n030_811,rep_Alibaba2017_flexible_dynamic_n030_811,nsga_ii,15.017875909196727,0.9010725545518038,0.12532922879403557,251.0033491384875,42.968293834230536,25522.176711051492,0.3589882595768274,0.29167839262491846
representative,rep_Alibaba2017_flexible_dynamic_n030_811,rep_Alibaba2017_flexible_dynamic_n030_811,ppo_joint,14.886009370227448,0.893160562213647,0.15032061833147764,334.5039307753721,53.01324829137361,25522.068206000957,0.2670104832978561,0.2835529290815746
representative,rep_Alibaba2017_flexible_dynamic_n030_811,rep_Alibaba2017_flexible_dynamic_n030_811,tm_moaoa_joint,15.573504516863736,0.9344102710118242,0.14950431144358373,301.0316288853831,48.542855135186315,25624.31762539991,0.31040268907012364,0.30798417404009565
representative,rep_Alibaba2017_flexible_dynamic_n060_823,rep_Alibaba2017_flexible_dynamic_n060_823,ecc_cee_adapted,25.75737840706118,1.5454427044236703,0.08433175948023663,315.6583974423509,27.006028882822257,25752.01691657887,0.48959340760320386,0.31227012252022585
representative,rep_Alibaba2017_flexible_dynamic_n060_823,rep_Alibaba2017_flexible_dynamic_n060_823,eco_pso_joint,29.23096834312616,1.7538581005875695,0.22101321626588527,527.0989903517375,81.04729867709574,25752.1719276316,0.33273789794535663,0.2726965856646674
representative,rep_Alibaba2017_flexible_dynamic_n060_823,rep_Alibaba2017_flexible_dynamic_n060_823,hcsmo_v6d,30.334273807366582,1.820056428441995,0.09613856920249472,297.3453584969208,25.645958892548084,25752.01691657887,0.6121018460292672,0.3748682964255612
representative,rep_Alibaba2017_flexible_dynamic_n060_823,rep_Alibaba2017_flexible_dynamic_n060_823,jellyfish_rts_adapted,25.75737840706118,1.5454427044236703,0.08433175948023663,315.6583974423509,27.006028882822257,25752.01691657887,0.48959340760320386,0.31227012252022585
representative,rep_Alibaba2017_flexible_dynamic_n060_823,rep_Alibaba2017_flexible_dynamic_n060_823,meo_adapted,25.75737840706118,1.5454427044236703,0.08433175948023663,315.6583974423509,27.006028882822257,25752.01691657887,0.48959340760320386,0.31227012252022585
representative,rep_Alibaba2017_flexible_dynamic_n060_823,rep_Alibaba2017_flexible_dynamic_n060_823,nsga_ii,25.75737840706118,1.5454427044236703,0.08393222374653747,308.9402601630728,26.817834540689123,25752.01691657887,0.5002399828393732,0.31297166674360694
representative,rep_Alibaba2017_flexible_dynamic_n060_823,rep_Alibaba2017_flexible_dynamic_n060_823,ppo_joint,27.570377656407587,1.6542226593844556,0.10559185939481729,484.48138557431844,30.425283632138786,25752.185563995212,0.3414419436204946,0.3470529993129749
representative,rep_Alibaba2017_flexible_dynamic_n060_823,rep_Alibaba2017_flexible_dynamic_n060_823,tm_moaoa_joint,28.994403748090836,1.73966422488545,0.10918715419459983,297.8499280643494,26.368496148510488,25787.125911328156,0.5840740792489303,0.4140818406163358
representative,rep_Alibaba2017_flexible_dynamic_n090_827,rep_Alibaba2017_flexible_dynamic_n090_827,ecc_cee_adapted,38.497408950896684,2.3098445370538014,0.2631930016307287,349.9201438502605,60.17475450742941,25812.825653664186,0.6601061921265787,0.43738109741392267
representative,rep_Alibaba2017_flexible_dynamic_n090_827,rep_Alibaba2017_flexible_dynamic_n090_827,eco_pso_joint,43.38409132089122,2.6030454792534727,0.5453920799316615,524.4670100100067,121.67791051003408,25812.88574558671,0.49632206212623503,0.44822604008036954
representative,rep_Alibaba2017_flexible_dynamic_n090_827,rep_Alibaba2017_flexible_dynamic_n090_827,hcsmo_v6d,47.13234799264851,2.8279408795589105,0.3100812772500177,303.8955978364564,49.53401590125368,25812.601562755124,0.9305632920292538,0.6259966441407988
representative,rep_Alibaba2017_flexible_dynamic_n090_827,rep_Alibaba2017_flexible_dynamic_n090_827,jellyfish_rts_adapted,49.674920404834964,2.9804952242900975,0.6283385648538778,327.4464275896771,60.71565416211588,25813.263898995763,0.9102237719401703,1.0348872519369736
representative,rep_Alibaba2017_flexible_dynamic_n090_827,rep_Alibaba2017_flexible_dynamic_n090_827,meo_adapted,40.48965392281188,2.429379235368713,0.3155823781740982,355.86330306969853,58.349209744583106,25812.825653664186,0.6826720300780496,0.5408511607192684
representative,rep_Alibaba2017_flexible_dynamic_n090_827,rep_Alibaba2017_flexible_dynamic_n090_827,nsga_ii,37.915274506250924,2.2749164703750555,0.24673650485336238,349.9198614410036,61.51739131588191,25812.825653664186,0.650124991764323,0.40108414803613845
representative,rep_Alibaba2017_flexible_dynamic_n090_827,rep_Alibaba2017_flexible_dynamic_n090_827,ppo_joint,41.56048973675332,2.493629384205199,0.3513521078870377,545.1057975270616,69.18730665460888,25865.7976109836,0.4574578724933491,0.5078274106564495
representative,rep_Alibaba2017_flexible_dynamic_n090_827,rep_Alibaba2017_flexible_dynamic_n090_827,tm_moaoa_joint,50.42437294540908,3.0254623767245445,0.5001396882457975,304.7994402049402,54.691740708413874,25830.055102065962,0.9926075896629905,0.9144702321914854
representative,rep_Alibaba2017_trace_dynamic_n030_811,rep_Alibaba2017_trace_dynamic_n030_811,ecc_cee_adapted,15.017875909196727,0.9010725545518038,0.12532922879403557,243.06340740785723,41.59541804840575,25522.13529691007,0.3707150180116647,0.30130537129879653
representative,rep_Alibaba2017_trace_dynamic_n030_811,rep_Alibaba2017_trace_dynamic_n030_811,eco_pso_joint,13.878124919110519,0.8326874951466313,0.17135938125436714,340.9802017126364,56.75288478514878,25569.713748198585,0.24420405963874256,0.30193950827889693
representative,rep_Alibaba2017_trace_dynamic_n030_811,rep_Alibaba2017_trace_dynamic_n030_811,hcsmo_v6d,16.756327492040388,1.0053796495224234,0.15670661993632307,243.8340022121899,42.16325311917543,25522.019092861796,0.41232134993523967,0.37166634057715636
representative,rep_Alibaba2017_trace_dynamic_n030_811,rep_Alibaba2017_trace_dynamic_n030_811,jellyfish_rts_adapted,15.017875909196727,0.9010725545518038,0.12532922879403557,243.06340740785723,41.59541804840575,25522.13529691007,0.3707150180116647,0.30130537129879653
representative,rep_Alibaba2017_trace_dynamic_n030_811,rep_Alibaba2017_trace_dynamic_n030_811,meo_adapted,15.017875909196727,0.9010725545518038,0.12532922879403557,243.06340740785723,41.59541804840575,25522.13529691007,0.3707150180116647,0.30130537129879653
representative,rep_Alibaba2017_trace_dynamic_n030_811,rep_Alibaba2017_trace_dynamic_n030_811,nsga_ii,13.654150596640106,0.8192490357984065,0.11669684756555215,242.93628022794877,41.61348158546606,25522.13529691007,0.3372279492506016,0.28043038726735553
representative,rep_Alibaba2017_trace_dynamic_n030_811,rep_Alibaba2017_trace_dynamic_n030_811,ppo_joint,13.13861206740344,0.7883167240442066,0.13263680853156556,297.66215847740733,50.7221583190529,25607.834530581255,0.2648360571181036,0.26149677562467377
representative,rep_Alibaba2017_trace_dynamic_n030_811,rep_Alibaba2017_trace_dynamic_n030_811,tm_moaoa_joint,16.756327492040388,1.0053796495224234,0.1601544793311409,303.96928630569465,51.03185614777061,25524.080270745675,0.3307504063128724,0.3138323616279778
representative,rep_Alibaba2017_trace_dynamic_n060_823,rep_Alibaba2017_trace_dynamic_n060_823,ecc_cee_adapted,25.50126575725402,1.530075945435241,0.08960124577433749,269.5838473460306,21.972930550025,25752.01691657887,0.5675695930963092,0.4077801346085606
representative,rep_Alibaba2017_trace_dynamic_n060_823,rep_Alibaba2017_trace_dynamic_n060_823,eco_pso_joint,31.443543084927203,1.8866125850956321,0.17195297947350613,564.9904275284489,43.70428313208787,25775.980552942492,0.3339193892803849,0.39344651633756583
representative,rep_Alibaba2017_trace_dynamic_n060_823,rep_Alibaba2017_trace_dynamic_n060_823,hcsmo_v6d,30.334273807366582,1.820056428441995,0.09613856920249472,242.48639349692084,20.49591950043737,25752.01691657887,0.7505808479373942,0.4690619964644337
representative,rep_Alibaba2017_trace_dynamic_n060_823,rep_Alibaba2017_trace_dynamic_n060_823,jellyfish_rts_adapted,24.270732275515623,1.4562439365309372,0.0829088930189212,271.407504819984,22.187322139836134,25752.01691657887,0.5365525678801025,0.37367687950977546
representative,rep_Alibaba2017_trace_dynamic_n060_823,rep_Alibaba2017_trace_dynamic_n060_823,meo_adapted,24.270732275515623,1.4562439365309372,0.0829088930189212,271.407504819984,22.187322139836134,25752.01691657887,0.5365525678801025,0.37367687950977546
representative,rep_Alibaba2017_trace_dynamic_n060_823,rep_Alibaba2017_trace_dynamic_n060_823,nsga_ii,24.270732275515623,1.4562439365309372,0.0829088930189212,271.407504819984,22.187322139836134,25752.01691657887,0.5365525678801025,0.37367687950977546
representative,rep_Alibaba2017_trace_dynamic_n060_823,rep_Alibaba2017_trace_dynamic_n060_823,ppo_joint,27.123754303315668,1.62742525819894,0.10018009639427379,388.8462598002128,23.82981096042427,25764.005552942486,0.418526658591265,0.4203982002234489
representative,rep_Alibaba2017_trace_dynamic_n060_823,rep_Alibaba2017_trace_dynamic_n060_823,tm_moaoa_joint,29.988372634793915,1.799302358087635,0.11018109326223631,271.9262550529444,23.817041673219787,25752.595005262992,0.6616876173789503,0.4626145210390485
representative,rep_Alibaba2017_trace_dynamic_n090_827,rep_Alibaba2017_trace_dynamic_n090_827,ecc_cee_adapted,31.645650091890175,1.8987390055134103,0.26862061843501517,307.7466262174907,50.94687292091361,25812.601562755124,0.6169812578778795,0.5272563418210243
representative,rep_Alibaba2017_trace_dynamic_n090_827,rep_Alibaba2017_trace_dynamic_n090_827,eco_pso_joint,47.31788885149975,2.839073331089985,0.5294620387751373,673.3776479819776,127.25981519416969,26034.805768322258,0.42161680590353817,0.4160480965395856
representative,rep_Alibaba2017_trace_dynamic_n090_827,rep_Alibaba2017_trace_dynamic_n090_827,hcsmo_v6d,47.13234799264851,2.8279408795589105,0.3100812772500177,248.6440693447663,38.81560901888731,25812.601562755124,1.1373449956040287,0.7988571739248895
representative,rep_Alibaba2017_trace_dynamic_n090_827,rep_Alibaba2017_trace_dynamic_n090_827,jellyfish_rts_adapted,49.25877876426861,2.9555267258561164,0.6373041145134952,250.6710752471648,48.87826080233755,25812.88574558671,1.1790457765986484,1.3038600474978783
representative,rep_Alibaba2017_trace_dynamic_n090_827,rep_Alibaba2017_trace_dynamic_n090_827,meo_adapted,35.50456863303374,2.130274117982025,0.3032028634586996,311.232147400824,50.63010886520227,25812.601562755124,0.6844646787847807,0.598858802113082
representative,rep_Alibaba2017_trace_dynamic_n090_827,rep_Alibaba2017_trace_dynamic_n090_827,nsga_ii,35.66890482230198,2.140134289338119,0.32074322366888236,310.08746432534844,53.10975498088839,25812.601562755124,0.6901711728316298,0.6039252558862345
representative,rep_Alibaba2017_trace_dynamic_n090_827,rep_Alibaba2017_trace_dynamic_n090_827,ppo_joint,43.46824735329875,2.608094841197925,0.35754753583723575,438.55819387197346,46.95835976004735,25814.986446412804,0.5946975515772248,0.7614140222619974
representative,rep_Alibaba2017_trace_dynamic_n090_827,rep_Alibaba2017_trace_dynamic_n090_827,tm_moaoa_joint,49.62588460642428,2.9775530763854565,0.499505973442391,248.74074137567783,43.991461254747975,25836.917787789367,1.1970508168134797,1.1354611990491212
representative,rep_Google2011v2_flexible_dynamic_n030_811,rep_Google2011v2_flexible_dynamic_n030_811,ecc_cee_adapted,4.343511738536946,0.2606107043122167,0.03572479798078351,573.0974685130186,74.40583240667192,25948.19211820676,0.04547406307489153,0.048013437690645464
representative,rep_Google2011v2_flexible_dynamic_n030_811,rep_Google2011v2_flexible_dynamic_n030_811,eco_pso_joint,5.357241601337678,0.3214344960802606,0.06137842747798591,1087.4101974023013,232.97315442031643,25948.17166842078,0.029559635990919608,0.02634570821290876
representative,rep_Google2011v2_flexible_dynamic_n030_811,rep_Google2011v2_flexible_dynamic_n030_811,hcsmo_v6d,4.343511738536946,0.2606107043122167,0.035186870931475094,681.2223058563561,74.18232558515659,25948.17166842078,0.038256337479232454,0.0474329574516814
representative,rep_Google2011v2_flexible_dynamic_n030_811,rep_Google2011v2_flexible_dynamic_n030_811,jellyfish_rts_adapted,5.875940052905721,0.35255640317434317,0.06109636005787109,867.9964862414711,158.43174827290275,25948.204705546377,0.04061726156299949,0.038563205117594895
representative,rep_Google2011v2_flexible_dynamic_n030_811,rep_Google2011v2_flexible_dynamic_n030_811,meo_adapted,6.361738673750173,0.3817043204250104,0.06772484593485571,939.1795859168258,205.97183781570072,25852.558217035956,0.04064231443578399,0.0328806339027059
representative,rep_Google2011v2_flexible_dynamic_n030_811,rep_Google2011v2_flexible_dynamic_n030_811,nsga_ii,4.343511738536946,0.2606107043122167,0.03681187798624276,860.7688663493873,100.18892665526579,25866.663390004192,0.03027650214830545,0.036742461682324035
representative,rep_Google2011v2_flexible_dynamic_n030_811,rep_Google2011v2_flexible_dynamic_n030_811,ppo_joint,5.073802150624896,0.3044281290374937,0.053799181040435476,933.4304360726154,123.15939486821165,25852.598116608104,0.03261390643296004,0.04368256363877397
representative,rep_Google2011v2_flexible_dynamic_n030_811,rep_Google2011v2_flexible_dynamic_n030_811,tm_moaoa_joint,6.070738652692738,0.36424431916156425,0.0682592476301141,917.2156257365373,181.14456882659434,26027.80013510259,0.0397119618267592,0.03768219388098638
representative,rep_Google2011v2_flexible_dynamic_n060_823,rep_Google2011v2_flexible_dynamic_n060_823,ecc_cee_adapted,13.720580892403982,0.8232348535442389,0.09692411944310333,1321.2248972827404,49.11490350658192,26263.316184299183,0.06230845749556502,0.19734156543769749
representative,rep_Google2011v2_flexible_dynamic_n060_823,rep_Google2011v2_flexible_dynamic_n060_823,eco_pso_joint,13.176045431136032,0.7905627258681618,0.15846778556038532,1713.5238171687708,412.7894047165273,26475.091593995516,0.04613666398722117,0.03838949928213615
representative,rep_Google2011v2_flexible_dynamic_n060_823,rep_Google2011v2_flexible_dynamic_n060_823,hcsmo_v6d,13.720580892403982,0.8232348535442389,0.09692411944310333,920.0626166873083,48.883583528669824,26197.87535185844,0.08947595941983835,0.1982753972737251
representative,rep_Google2011v2_flexible_dynamic_n060_823,rep_Google2011v2_flexible_dynamic_n060_823,jellyfish_rts_adapted,13.720580892403982,0.8232348535442389,0.09692411944310333,1321.2248972827404,49.11490350658192,26263.316184299183,0.06230845749556502,0.19734156543769749
representative,rep_Google2011v2_flexible_dynamic_n060_823,rep_Google2011v2_flexible_dynamic_n060_823,meo_adapted,13.720580892403982,0.8232348535442389,0.09692411944310333,1321.2248972827404,49.11490350658192,26263.316184299183,0.06230845749556502,0.19734156543769749
representative,rep_Google2011v2_flexible_dynamic_n060_823,rep_Google2011v2_flexible_dynamic_n060_823,nsga_ii,13.720580892403982,0.8232348535442389,0.09692411944310333,1321.2248972827404,49.11490350658192,26263.316184299183,0.06230845749556502,0.19734156543769749
representative,rep_Google2011v2_flexible_dynamic_n060_823,rep_Google2011v2_flexible_dynamic_n060_823,ppo_joint,13.006913564290102,0.7804148138574061,0.10677307038919158,1428.6201575478938,151.32781180199623,26281.008760237542,0.05462717362163799,0.07055746667962003
representative,rep_Google2011v2_flexible_dynamic_n060_823,rep_Google2011v2_flexible_dynamic_n060_823,tm_moaoa_joint,13.96303470168831,0.8377820821012983,0.137782518420103,1039.4405051867861,150.63869960832332,26475.091593995516,0.0805993299203546,0.09146555219764392
representative,rep_Google2011v2_flexible_dynamic_n090_827,rep_Google2011v2_flexible_dynamic_n090_827,ecc_cee_adapted,20.871256496208495,1.2522753897725096,0.11365897841694303,1235.4679341888896,46.66961829608605,26297.42327941081,0.10136041212552023,0.24353955006843292
representative,rep_Google2011v2_flexible_dynamic_n090_827,rep_Google2011v2_flexible_dynamic_n090_827,eco_pso_joint,18.592329247783272,1.1155397548669963,0.182768400878699,2257.0642018921408,509.74551200533574,26383.177736892307,0.0494243696715325,0.0358548327693341
representative,rep_Google2011v2_flexible_dynamic_n090_827,rep_Google2011v2_flexible_dynamic_n090_827,hcsmo_v6d,20.871256496208495,1.2522753897725096,0.11365897841694303,1152.0263760415107,46.61325918497056,26289.473712015664,0.10870197209159962,0.2438340086152781
representative,rep_Google2011v2_flexible_dynamic_n090_827,rep_Google2011v2_flexible_dynamic_n090_827,jellyfish_rts_adapted,20.871256496208495,1.2522753897725096,0.11365897841694303,1235.4679341888896,46.66961829608605,26297.42327941081,0.10136041212552023,0.24353955006843292
representative,rep_Google2011v2_flexible_dynamic_n090_827,rep_Google2011v2_flexible_dynamic_n090_827,meo_adapted,20.871256496208495,1.2522753897725096,0.11365897841694303,1235.4637448301805,46.669614403408694,26297.42327941081,0.10136075583056789,0.2435395703818832
representative,rep_Google2011v2_flexible_dynamic_n090_827,rep_Google2011v2_flexible_dynamic_n090_827,nsga_ii,20.871256496208495,1.2522753897725096,0.11365897841694303,1235.4679341888896,46.66961829608605,26297.42327941081,0.10136041212552023,0.24353955006843292
representative,rep_Google2011v2_flexible_dynamic_n090_827,rep_Google2011v2_flexible_dynamic_n090_827,ppo_joint,16.104191263976265,0.9662514758385761,0.11015058078049357,1792.4750608476934,170.3234946510191,26442.00478017371,0.05390599272168498,0.06467139545614912
representative,rep_Google2011v2_flexible_dynamic_n090_827,rep_Google2011v2_flexible_dynamic_n090_827,tm_moaoa_joint,14.538210812073832,0.8722926487244299,0.14317876429451756,1496.687242671104,145.855733928674,26648.39057355345,0.058281558354681295,0.09816464559736436
representative,rep_Google2011v2_trace_dynamic_n030_811,rep_Google2011v2_trace_dynamic_n030_811,ecc_cee_adapted,4.343511738536946,0.2606107043122167,0.035186870931475094,579.5752264827864,71.37653831080735,25812.25753437553,0.04496581158131281,0.049297530763196644
representative,rep_Google2011v2_trace_dynamic_n030_811,rep_Google2011v2_trace_dynamic_n030_811,eco_pso_joint,5.338218510221212,0.3202931106132727,0.058494757804116004,891.1227416447206,176.05518124919297,25788.865255570738,0.03594264803770091,0.03322524073933447
representative,rep_Google2011v2_trace_dynamic_n030_811,rep_Google2011v2_trace_dynamic_n030_811,hcsmo_v6d,4.343511738536946,0.2606107043122167,0.035186870931475094,639.6896624230635,64.1770122923695,25948.17166842078,0.04074017756126562,0.054827842049073906
representative,rep_Google2011v2_trace_dynamic_n030_811,rep_Google2011v2_trace_dynamic_n030_811,jellyfish_rts_adapted,4.343511738536946,0.2606107043122167,0.035186870931475094,830.7456553847503,74.78288952375084,25788.882415399654,0.03137069723121427,0.04705203443670071
representative,rep_Google2011v2_trace_dynamic_n030_811,rep_Google2011v2_trace_dynamic_n030_811,meo_adapted,4.343511738536946,0.2606107043122167,0.035186870931475094,830.7456553847503,74.78288952375084,25788.882415399654,0.03137069723121427,0.04705203443670071
representative,rep_Google2011v2_trace_dynamic_n030_811,rep_Google2011v2_trace_dynamic_n030_811,nsga_ii,4.343511738536946,0.2606107043122167,0.03673998922141891,632.4065081931104,93.0127560576846,25948.154508591862,0.041209364694367936,0.03949994686603365
representative,rep_Google2011v2_trace_dynamic_n030_811,rep_Google2011v2_trace_dynamic_n030_811,ppo_joint,4.518414314161643,0.27110485884969854,0.040240442810527896,908.3811441249727,103.40536277398729,25788.882415399654,0.029844835574041887,0.03891523778943775
representative,rep_Google2011v2_trace_dynamic_n030_811,rep_Google2011v2_trace_dynamic_n030_811,tm_moaoa_joint,6.36141541712257,0.38168492502735424,0.0682592476301141,844.8505815116225,172.92580983041873,26101.33251751901,0.04517780225048037,0.03947314035831502
representative,rep_Google2011v2_trace_dynamic_n060_823,rep_Google2011v2_trace_dynamic_n060_823,ecc_cee_adapted,13.720580892403982,0.8232348535442389,0.09692411944310333,1072.7999787673173,43.92276847093876,26197.87535185844,0.07673703111834164,0.2206694223002646
representative,rep_Google2011v2_trace_dynamic_n060_823,rep_Google2011v2_trace_dynamic_n060_823,eco_pso_joint,15.4050624975573,0.9243037498534378,0.17389655999349576,1888.6215722847528,400.015107243382,26465.97702699015,0.04894065404194577,0.04347249812434997
representative,rep_Google2011v2_trace_dynamic_n060_823,rep_Google2011v2_trace_dynamic_n060_823,hcsmo_v6d,13.720580892403982,0.8232348535442389,0.09692411944310333,910.8045775306399,43.793070220706156,26263.316184299183,0.090385454119717,0.22132296035566798
representative,rep_Google2011v2_trace_dynamic_n060_823,rep_Google2011v2_trace_dynamic_n060_823,jellyfish_rts_adapted,13.720580892403982,0.8232348535442389,0.09692411944310333,1072.7999787673173,43.92276847093876,26197.87535185844,0.07673703111834164,0.2206694223002646
representative,rep_Google2011v2_trace_dynamic_n060_823,rep_Google2011v2_trace_dynamic_n060_823,meo_adapted,13.720580892403982,0.8232348535442389,0.09692411944310333,1072.7999787673173,43.92276847093876,26197.87535185844,0.07673703111834164,0.2206694223002646
representative,rep_Google2011v2_trace_dynamic_n060_823,rep_Google2011v2_trace_dynamic_n060_823,nsga_ii,13.720580892403982,0.8232348535442389,0.09692411944310333,1072.7959591955535,43.92277306970007,26197.87535185844,0.0767373186380707,0.2206693991959401
representative,rep_Google2011v2_trace_dynamic_n060_823,rep_Google2011v2_trace_dynamic_n060_823,ppo_joint,12.336469289003096,0.7401881573401857,0.10862276176569823,1440.9031142250085,133.16012940205457,26271.77799211553,0.0513697381893922,0.08157303710462019
representative,rep_Google2011v2_trace_dynamic_n060_823,rep_Google2011v2_trace_dynamic_n060_823,tm_moaoa_joint,13.96303470168831,0.8377820821012983,0.137782518420103,1008.5258166341284,145.50617075968296,26475.091593995516,0.08306996888759148,0.09469187299806255
representative,rep_Google2011v2_trace_dynamic_n090_827,rep_Google2011v2_trace_dynamic_n090_827,ecc_cee_adapted,20.871256496208495,1.2522753897725096,0.11365897841694303,1192.777230804745,41.54557059201676,26289.473712015664,0.10498820378450906,0.2735766455901879
representative,rep_Google2011v2_trace_dynamic_n090_827,rep_Google2011v2_trace_dynamic_n090_827,eco_pso_joint,0.0,0.0,0.0,3046.384325173639,519.3119237037338,26384.949094508076,0.0,0.0
representative,rep_Google2011v2_trace_dynamic_n090_827,rep_Google2011v2_trace_dynamic_n090_827,hcsmo_v6d,20.871256496208495,1.2522753897725096,0.11365897841694303,1125.4300034029154,41.50530581164682,26289.473712015664,0.11127083745644395,0.2738420454790364
representative,rep_Google2011v2_trace_dynamic_n090_827,rep_Google2011v2_trace_dynamic_n090_827,jellyfish_rts_adapted,20.871256496208495,1.2522753897725096,0.11365897841694303,1192.777230804745,41.54557059201676,26289.473712015664,0.10498820378450906,0.2735766455901879
representative,rep_Google2011v2_trace_dynamic_n090_827,rep_Google2011v2_trace_dynamic_n090_827,meo_adapted,20.871256496208495,1.2522753897725096,0.11365897841694303,1192.777230804745,41.54557059201676,26289.473712015664,0.10498820378450906,0.2735766455901879
representative,rep_Google2011v2_trace_dynamic_n090_827,rep_Google2011v2_trace_dynamic_n090_827,nsga_ii,20.871256496208495,1.2522753897725096,0.11365897841694303,1192.777230804745,41.54557059201676,26289.473712015664,0.10498820378450906,0.2735766455901879
representative,rep_Google2011v2_trace_dynamic_n090_827,rep_Google2011v2_trace_dynamic_n090_827,ppo_joint,19.60764412885106,1.1764586477310635,0.13873444468972648,1670.4712228191488,118.72412807106379,26442.00478017371,0.07042675334122957,0.11685446500536545
representative,rep_Google2011v2_trace_dynamic_n090_827,rep_Google2011v2_trace_dynamic_n090_827,tm_moaoa_joint,21.165961996611415,1.2699577197966847,0.3197401497236346,1255.5701513767483,424.94390839308204,26334.19360923767,0.10114589920795428,0.07524290698335373
sla_stress,sla_Alibaba2017_flexible_dynamic_n150_workload_6000,sla_Alibaba2017_flexible_dynamic_n150,ecc_cee_adapted,15.94160432790606,0.9564962596743637,0.1200018835710392,27.630291184899,3.864463014455239,16.474981922481675,3.4617668459358293,3.1052667116276047
sla_stress,sla_Alibaba2017_flexible_dynamic_n150_workload_6000,sla_Alibaba2017_flexible_dynamic_n150,eco_pso_joint,0.0,0.0,0.0,34.648839372346366,6.514374913183394,17.506389822461642,0.0,0.0
sla_stress,sla_Alibaba2017_flexible_dynamic_n150_workload_6000,sla_Alibaba2017_flexible_dynamic_n150,hcsmo_v6d,52.04321693888616,3.1225930163331697,0.36092793456371297,27.231878917423387,2.814543221077786,16.474981922481675,11.466682213893383,12.823677101874498
sla_stress,sla_Alibaba2017_flexible_dynamic_n150_workload_6000,sla_Alibaba2017_flexible_dynamic_n150,jellyfish_rts_adapted,15.94160432790606,0.9564962596743637,0.1200018835710392,27.630291184899,3.864463014455239,16.474981922481675,3.4617668459358293,3.1052667116276047
sla_stress,sla_Alibaba2017_flexible_dynamic_n150_workload_6000,sla_Alibaba2017_flexible_dynamic_n150,meo_adapted,15.94160432790606,0.9564962596743637,0.1200018835710392,27.630291184899,3.864463014455239,16.474981922481675,3.4617668459358293,3.1052667116276047
sla_stress,sla_Alibaba2017_flexible_dynamic_n150_workload_6000,sla_Alibaba2017_flexible_dynamic_n150,nsga_ii,15.94160432790606,0.9564962596743637,0.1200018835710392,27.628944384898535,3.8640791764551063,16.474981922481675,3.4619355931570324,3.105575173051411
sla_stress,sla_Alibaba2017_flexible_dynamic_n150_workload_6000,sla_Alibaba2017_flexible_dynamic_n150,ppo_joint,0.0,0.0,0.0,34.648839372346366,6.514374913183394,17.506389822461642,0.0,0.0
sla_stress,sla_Alibaba2017_flexible_dynamic_n150_workload_6000,sla_Alibaba2017_flexible_dynamic_n150,tm_moaoa_joint,0.0,0.0,0.0,34.648839372346366,6.514374913183394,17.506389822461642,0.0,0.0
sla_stress,sla_Alibaba2017_flexible_dynamic_n150_workload_6101,sla_Alibaba2017_flexible_dynamic_n150,ecc_cee_adapted,21.031718996712524,1.2619031398027514,0.14142812538503258,26.43320036877312,3.6205286040953504,16.76180277467938,4.773932487166788,3.9062838842111773
sla_stress,sla_Alibaba2017_flexible_dynamic_n150_workload_6101,sla_Alibaba2017_flexible_dynamic_n150,eco_pso_joint,0.0,0.0,0.0,34.63179229436865,6.511099552341981,17.79321067465935,0.0,0.0
sla_stress,sla_Alibaba2017_flexible_dynamic_n150_workload_6101,sla_Alibaba2017_flexible_dynamic_n150,hcsmo_v6d,50.33359045375686,3.0200154272254123,0.3531320377915234,27.077598465010176,2.7934194928959912,16.76180277467938,11.153187869034593,12.641568467950536
sla_stress,sla_Alibaba2017_flexible_dynamic_n150_workload_6101,sla_Alibaba2017_flexible_dynamic_n150,jellyfish_rts_adapted,21.031718996712524,1.2619031398027514,0.14142812538503258,26.43320036877312,3.6205286040953504,16.76180277467938,4.773932487166788,3.9062838842111773
sla_stress,sla_Alibaba2017_flexible_dynamic_n150_workload_6101,sla_Alibaba2017_flexible_dynamic_n150,meo_adapted,21.031718996712524,1.2619031398027514,0.14142812538503258,26.43320036877312,3.6205286040953504,16.76180277467938,4.773932487166788,3.9062838842111773
sla_stress,sla_Alibaba2017_flexible_dynamic_n150_workload_6101,sla_Alibaba2017_flexible_dynamic_n150,nsga_ii,21.031718996712524,1.2619031398027514,0.14142812538503258,26.432147359002855,3.6201697463440667,16.76180277467938,4.774122672151886,3.906671103692247
sla_stress,sla_Alibaba2017_flexible_dynamic_n150_workload_6101,sla_Alibaba2017_flexible_dynamic_n150,ppo_joint,0.0,0.0,0.0,34.63179229436865,6.511099552341981,17.79321067465935,0.0,0.0
sla_stress,sla_Alibaba2017_flexible_dynamic_n150_workload_6101,sla_Alibaba2017_flexible_dynamic_n150,tm_moaoa_joint,0.0,0.0,0.0,34.63179229436865,6.511099552341981,17.79321067465935,0.0,0.0
sla_stress,sla_Alibaba2017_flexible_dynamic_n150_workload_6102,sla_Alibaba2017_flexible_dynamic_n150,ecc_cee_adapted,20.36874174928159,1.2221245049568952,0.13085326058033203,27.15564677160812,3.5320907668939268,15.488104481773917,4.500443370896456,3.70469699722362
sla_stress,sla_Alibaba2017_flexible_dynamic_n150_workload_6102,sla_Alibaba2017_flexible_dynamic_n150,eco_pso_joint,0.0,0.0,0.0,34.660064430555124,6.503464404352904,16.519512381753884,0.0,0.0
sla_stress,sla_Alibaba2017_flexible_dynamic_n150_workload_6102,sla_Alibaba2017_flexible_dynamic_n150,hcsmo_v6d,75.58470737452397,4.535082442471437,0.518169478735793,22.71426016305584,1.6018289075576861,15.488104481773917,19.96579421876849,32.34861577856325
sla_stress,sla_Alibaba2017_flexible_dynamic_n150_workload_6102,sla_Alibaba2017_flexible_dynamic_n150,jellyfish_rts_adapted,20.36874174928159,1.2221245049568952,0.13085326058033203,27.15564677160812,3.5320907668939268,15.488104481773917,4.500443370896456,3.70469699722362
sla_stress,sla_Alibaba2017_flexible_dynamic_n150_workload_6102,sla_Alibaba2017_flexible_dynamic_n150,meo_adapted,20.36874174928159,1.2221245049568952,0.13085326058033203,27.15564677160812,3.5320907668939268,15.488104481773917,4.500443370896456,3.70469699722362
sla_stress,sla_Alibaba2017_flexible_dynamic_n150_workload_6102,sla_Alibaba2017_flexible_dynamic_n150,nsga_ii,20.36874174928159,1.2221245049568952,0.13085326058033203,27.15561132713647,3.5320907668939268,15.488104481773917,4.500449245035527,3.70469699722362
sla_stress,sla_Alibaba2017_flexible_dynamic_n150_workload_6102,sla_Alibaba2017_flexible_dynamic_n150,ppo_joint,0.0,0.0,0.0,34.660064430555124,6.503464404352904,16.519512381753884,0.0,0.0
sla_stress,sla_Alibaba2017_flexible_dynamic_n150_workload_6102,sla_Alibaba2017_flexible_dynamic_n150,tm_moaoa_joint,74.43269743483506,4.465961846090103,0.7890829349002103,22.54402194378579,2.8792787301987923,15.78803254844388,19.80996051736516,27.405576494698387
sla_stress,sla_Alibaba2017_trace_dynamic_n150_workload_6000,sla_Alibaba2017_trace_dynamic_n150,ecc_cee_adapted,25.95584086143951,1.5573504516863705,0.19694718194289695,28.097168264840533,3.5918308422737386,16.27504498133203,5.542730986293608,5.483197583386844
sla_stress,sla_Alibaba2017_trace_dynamic_n150_workload_6000,sla_Alibaba2017_trace_dynamic_n150,eco_pso_joint,0.0,0.0,0.0,36.001955032450624,6.747827962413542,17.306452881311998,0.0,0.0
sla_stress,sla_Alibaba2017_trace_dynamic_n150_workload_6000,sla_Alibaba2017_trace_dynamic_n150,hcsmo_v6d,53.586850619936016,3.215211037196161,0.3913638582558929,26.8708920491509,2.843297390373142,16.27504498133203,11.965404912181762,13.764436304868273
sla_stress,sla_Alibaba2017_trace_dynamic_n150_workload_6000,sla_Alibaba2017_trace_dynamic_n150,jellyfish_rts_adapted,25.95584086143951,1.5573504516863705,0.19694718194289695,28.097168264840533,3.5918308422737386,16.27504498133203,5.542730986293608,5.483197583386844
sla_stress,sla_Alibaba2017_trace_dynamic_n150_workload_6000,sla_Alibaba2017_trace_dynamic_n150,meo_adapted,25.95584086143951,1.5573504516863705,0.19694718194289695,28.097168264840533,3.5918308422737386,16.27504498133203,5.542730986293608,5.483197583386844
sla_stress,sla_Alibaba2017_trace_dynamic_n150_workload_6000,sla_Alibaba2017_trace_dynamic_n150,nsga_ii,25.95584086143951,1.5573504516863705,0.19694718194289695,28.09680085400571,3.5918308321464014,16.27504498133203,5.54280346641081,5.483197598846979
sla_stress,sla_Alibaba2017_trace_dynamic_n150_workload_6000,sla_Alibaba2017_trace_dynamic_n150,ppo_joint,0.0,0.0,0.0,36.001955032450624,6.747827962413542,17.306452881311998,0.0,0.0
sla_stress,sla_Alibaba2017_trace_dynamic_n150_workload_6000,sla_Alibaba2017_trace_dynamic_n150,tm_moaoa_joint,0.0,0.0,0.0,36.001955032450624,6.747827962413542,17.306452881311998,0.0,0.0
sla_stress,sla_Alibaba2017_trace_dynamic_n150_workload_6101,sla_Alibaba2017_trace_dynamic_n150,ecc_cee_adapted,17.621743069396533,1.0573045841637918,0.12180549975409548,25.003200970713863,3.3215629354460225,16.27504498133203,4.228676901818323,3.667114009921336
sla_stress,sla_Alibaba2017_trace_dynamic_n150_workload_6101,sla_Alibaba2017_trace_dynamic_n150,eco_pso_joint,0.0,0.0,0.0,34.6611414945819,6.508235924364219,17.306452881311998,0.0,0.0
sla_stress,sla_Alibaba2017_trace_dynamic_n150_workload_6101,sla_Alibaba2017_trace_dynamic_n150,hcsmo_v6d,17.621743069396533,1.0573045841637918,0.12180549975409548,25.003200970713863,3.3215629354460225,16.27504498133203,4.228676901818323,3.667114009921336
sla_stress,sla_Alibaba2017_trace_dynamic_n150_workload_6101,sla_Alibaba2017_trace_dynamic_n150,jellyfish_rts_adapted,17.621743069396533,1.0573045841637918,0.12180549975409548,25.003200970713863,3.3215629354460225,16.27504498133203,4.228676901818323,3.667114009921336
sla_stress,sla_Alibaba2017_trace_dynamic_n150_workload_6101,sla_Alibaba2017_trace_dynamic_n150,meo_adapted,17.621743069396533,1.0573045841637918,0.12180549975409548,25.003200970713863,3.3215629354460225,16.27504498133203,4.228676901818323,3.667114009921336
sla_stress,sla_Alibaba2017_trace_dynamic_n150_workload_6101,sla_Alibaba2017_trace_dynamic_n150,nsga_ii,17.621743069396533,1.0573045841637918,0.12180549975409548,25.00075160318357,3.3211906315814193,16.27504498133203,4.229091192719005,3.66752509162946
sla_stress,sla_Alibaba2017_trace_dynamic_n150_workload_6101,sla_Alibaba2017_trace_dynamic_n150,ppo_joint,0.0,0.0,0.0,34.6611414945819,6.508235924364219,17.306452881311998,0.0,0.0
sla_stress,sla_Alibaba2017_trace_dynamic_n150_workload_6101,sla_Alibaba2017_trace_dynamic_n150,tm_moaoa_joint,0.0,0.0,0.0,34.6611414945819,6.508235924364219,17.306452881311998,0.0,0.0
sla_stress,sla_Alibaba2017_trace_dynamic_n150_workload_6102,sla_Alibaba2017_trace_dynamic_n150,ecc_cee_adapted,31.08703957756305,1.8652223746537833,0.26361019025185584,22.51221405837295,3.088247591078981,16.506505312980153,8.285379526941965,8.535915028747905
sla_stress,sla_Alibaba2017_trace_dynamic_n150_workload_6102,sla_Alibaba2017_trace_dynamic_n150,eco_pso_joint,0.0,0.0,0.0,34.685455058612916,6.514556009889572,17.53791321296012,0.0,0.0
sla_stress,sla_Alibaba2017_trace_dynamic_n150_workload_6102,sla_Alibaba2017_trace_dynamic_n150,hcsmo_v6d,72.30129681878145,4.338077809126887,0.56448049698444,23.453506381963464,1.8329964882591887,17.19651776860701,18.496500005061137,30.795503461140378
sla_stress,sla_Alibaba2017_trace_dynamic_n150_workload_6102,sla_Alibaba2017_trace_dynamic_n150,jellyfish_rts_adapted,22.67773147309282,1.360663888385569,0.14300618020862904,27.213004229841616,3.5023616585179185,16.506505312980153,5.0000502586681455,4.0831357281687595
sla_stress,sla_Alibaba2017_trace_dynamic_n150_workload_6102,sla_Alibaba2017_trace_dynamic_n150,meo_adapted,22.67773147309282,1.360663888385569,0.14300618020862904,27.213004229841616,3.5023616585179185,16.506505312980153,5.0000502586681455,4.0831357281687595
sla_stress,sla_Alibaba2017_trace_dynamic_n150_workload_6102,sla_Alibaba2017_trace_dynamic_n150,nsga_ii,22.67773147309282,1.360663888385569,0.14300618020862904,27.210439989521454,3.501560819899081,16.506505312980153,5.000521450257883,4.084069578227422
sla_stress,sla_Alibaba2017_trace_dynamic_n150_workload_6102,sla_Alibaba2017_trace_dynamic_n150,ppo_joint,0.0,0.0,0.0,34.685455058612916,6.514556009889572,17.53791321296012,0.0,0.0
sla_stress,sla_Alibaba2017_trace_dynamic_n150_workload_6102,sla_Alibaba2017_trace_dynamic_n150,tm_moaoa_joint,77.73201149276478,4.663920689565886,0.8329139212590225,22.807095801957605,2.9412164538773125,17.332755720533896,20.449428239633946,28.31868834954389
sla_stress,sla_Google2011v2_flexible_dynamic_n150_workload_6000,sla_Google2011v2_flexible_dynamic_n150,ecc_cee_adapted,32.949755670155675,1.9769853402093405,0.2373351787013835,1138.51727320069,102.37460794727208,2224.10950331355,0.17364561669332276,0.2318301221955572
sla_stress,sla_Google2011v2_flexible_dynamic_n150_workload_6000,sla_Google2011v2_flexible_dynamic_n150,eco_pso_joint,2.3718828321855345,0.1423129699311321,0.03667314650813658,1336.699140200795,219.0667057425748,2319.6684083651053,0.01064659695298033,0.016740629929968078
sla_stress,sla_Google2011v2_flexible_dynamic_n150_workload_6000,sla_Google2011v2_flexible_dynamic_n150,hcsmo_v6d,29.266525152087674,1.7559915091252605,0.21989315578987462,1092.6749343866952,105.51436968408026,2223.9852194747655,0.16070575556040156,0.20840114616450345
sla_stress,sla_Google2011v2_flexible_dynamic_n150_workload_6000,sla_Google2011v2_flexible_dynamic_n150,jellyfish_rts_adapted,32.949755670155675,1.9769853402093405,0.2373351787013835,1138.51727320069,102.37460794727208,2224.10950331355,0.17364561669332276,0.2318301221955572
sla_stress,sla_Google2011v2_flexible_dynamic_n150_workload_6000,sla_Google2011v2_flexible_dynamic_n150,meo_adapted,32.949755670155675,1.9769853402093405,0.2373351787013835,1138.51727320069,102.37460794727208,2224.10950331355,0.17364561669332276,0.2318301221955572
sla_stress,sla_Google2011v2_flexible_dynamic_n150_workload_6000,sla_Google2011v2_flexible_dynamic_n150,nsga_ii,32.949755670155675,1.9769853402093405,0.2373351787013835,1138.517267687078,102.37458626643019,2224.10950331355,0.17364561753425384,0.23183017129243183
sla_stress,sla_Google2011v2_flexible_dynamic_n150_workload_6000,sla_Google2011v2_flexible_dynamic_n150,ppo_joint,2.3718828321855345,0.1423129699311321,0.03667314650813658,1336.699140200795,219.0667057425748,2319.6684083651053,0.01064659695298033,0.016740629929968078
sla_stress,sla_Google2011v2_flexible_dynamic_n150_workload_6000,sla_Google2011v2_flexible_dynamic_n150,tm_moaoa_joint,2.3718828321855345,0.1423129699311321,0.03667314650813658,1336.699140200795,219.0667057425748,2319.6684083651053,0.01064659695298033,0.016740629929968078
sla_stress,sla_Google2011v2_flexible_dynamic_n150_workload_6101,sla_Google2011v2_flexible_dynamic_n150,ecc_cee_adapted,0.4531227850221166,0.027187367101326996,0.007354182800908953,1391.7340650754727,228.7175375061342,2234.692664375005,0.0019534886573213716,0.0032153996064738645
sla_stress,sla_Google2011v2_flexible_dynamic_n150_workload_6101,sla_Google2011v2_flexible_dynamic_n150,eco_pso_joint,0.4531227850221166,0.027187367101326996,0.007354182800908953,1391.7340650754727,228.7175375061342,2234.692664375005,0.0019534886573213716,0.0032153996064738645
sla_stress,sla_Google2011v2_flexible_dynamic_n150_workload_6101,sla_Google2011v2_flexible_dynamic_n150,hcsmo_v6d,30.491736166787756,1.8295041700072654,0.22416969459517522,1178.5147428939679,111.14965204453323,2132.578176496667,0.15523812332756431,0.20168276775653726
sla_stress,sla_Google2011v2_flexible_dynamic_n150_workload_6101,sla_Google2011v2_flexible_dynamic_n150,jellyfish_rts_adapted,0.4531227850221166,0.027187367101326996,0.007354182800908953,1391.7340650754727,228.7175375061342,2234.692664375005,0.0019534886573213716,0.0032153996064738645
sla_stress,sla_Google2011v2_flexible_dynamic_n150_workload_6101,sla_Google2011v2_flexible_dynamic_n150,meo_adapted,0.4531227850221166,0.027187367101326996,0.007354182800908953,1391.7340650754727,228.7175375061342,2234.692664375005,0.0019534886573213716,0.0032153996064738645
sla_stress,sla_Google2011v2_flexible_dynamic_n150_workload_6101,sla_Google2011v2_flexible_dynamic_n150,nsga_ii,33.751381898102856,2.0250829138861715,0.2555272106342644,1257.644990867887,136.68211769276908,2207.0082083944,0.16102182480675123,0.18694999385993755
sla_stress,sla_Google2011v2_flexible_dynamic_n150_workload_6101,sla_Google2011v2_flexible_dynamic_n150,ppo_joint,0.4531227850221166,0.027187367101326996,0.007354182800908953,1391.7340650754727,228.7175375061342,2234.692664375005,0.0019534886573213716,0.0032153996064738645
sla_stress,sla_Google2011v2_flexible_dynamic_n150_workload_6101,sla_Google2011v2_flexible_dynamic_n150,tm_moaoa_joint,0.4531227850221166,0.027187367101326996,0.007354182800908953,1391.7340650754727,228.7175375061342,2234.692664375005,0.0019534886573213716,0.0032153996064738645
sla_stress,sla_Google2011v2_flexible_dynamic_n150_workload_6102,sla_Google2011v2_flexible_dynamic_n150,ecc_cee_adapted,32.094652011797535,1.9256791207078523,0.22913297432436602,1148.6975365689968,102.35693651520211,2233.634002853476,0.16764022376678842,0.22385681139483407
sla_stress,sla_Google2011v2_flexible_dynamic_n150_workload_6102,sla_Google2011v2_flexible_dynamic_n150,eco_pso_joint,0.46684813854811413,0.028010888312886846,0.007576945288635893,1425.5959166289315,239.73507386313838,2330.4625273479614,0.0019648546959311897,0.0031605493374580107
sla_stress,sla_Google2011v2_flexible_dynamic_n150_workload_6102,sla_Google2011v2_flexible_dynamic_n150,hcsmo_v6d,32.094652011797535,1.9256791207078523,0.22913297432436602,1148.6975365689968,102.35693651520211,2233.634002853476,0.16764022376678842,0.22385681139483407
sla_stress,sla_Google2011v2_flexible_dynamic_n150_workload_6102,sla_Google2011v2_flexible_dynamic_n150,jellyfish_rts_adapted,32.094652011797535,1.9256791207078523,0.22913297432436602,1148.6975365689968,102.35693651520211,2233.634002853476,0.16764022376678842,0.22385681139483407
sla_stress,sla_Google2011v2_flexible_dynamic_n150_workload_6102,sla_Google2011v2_flexible_dynamic_n150,meo_adapted,32.094652011797535,1.9256791207078523,0.22913297432436602,1148.6975365689968,102.35693651520211,2233.634002853476,0.16764022376678842,0.22385681139483407
sla_stress,sla_Google2011v2_flexible_dynamic_n150_workload_6102,sla_Google2011v2_flexible_dynamic_n150,nsga_ii,32.094652011797535,1.9256791207078523,0.22913297432436602,1148.531477020453,102.35677045135655,2233.634002853476,0.16766446190081738,0.2238571745806086
sla_stress,sla_Google2011v2_flexible_dynamic_n150_workload_6102,sla_Google2011v2_flexible_dynamic_n150,ppo_joint,0.46684813854811413,0.028010888312886846,0.007576945288635893,1425.5959166289315,239.73507386313838,2330.4625273479614,0.0019648546959311897,0.0031605493374580107
sla_stress,sla_Google2011v2_flexible_dynamic_n150_workload_6102,sla_Google2011v2_flexible_dynamic_n150,tm_moaoa_joint,0.46684813854811413,0.028010888312886846,0.007576945288635893,1425.5959166289315,239.73507386313838,2330.4625273479614,0.0019648546959311897,0.0031605493374580107
sla_stress,sla_Google2011v2_trace_dynamic_n150_workload_6000,sla_Google2011v2_trace_dynamic_n150,ecc_cee_adapted,32.83754295786737,1.970252577472042,0.2313642627253043,1071.7995846425085,93.12596099160064,2246.032295918674,0.1838265852779936,0.24844228211096997
sla_stress,sla_Google2011v2_trace_dynamic_n150_workload_6000,sla_Google2011v2_trace_dynamic_n150,eco_pso_joint,2.192628449119281,0.13155770694715685,0.03446747363718659,1349.410367967658,211.1667121875044,2327.5878921307158,0.009749273465661555,0.016322399150952054
sla_stress,sla_Google2011v2_trace_dynamic_n150_workload_6000,sla_Google2011v2_trace_dynamic_n150,hcsmo_v6d,28.46534517345541,1.7079207104073246,0.19442820678682352,1099.3394837723954,89.55557112501009,2232.087353741168,0.15535880732188168,0.21710341896588695
sla_stress,sla_Google2011v2_trace_dynamic_n150_workload_6000,sla_Google2011v2_trace_dynamic_n150,jellyfish_rts_adapted,32.83754295786737,1.970252577472042,0.2313642627253043,1071.7995846425085,93.12596099160064,2246.032295918674,0.1838265852779936,0.24844228211096997
sla_stress,sla_Google2011v2_trace_dynamic_n150_workload_6000,sla_Google2011v2_trace_dynamic_n150,meo_adapted,32.83754295786737,1.970252577472042,0.2313642627253043,1071.7995846425085,93.12596099160064,2246.032295918674,0.1838265852779936,0.24844228211096997
sla_stress,sla_Google2011v2_trace_dynamic_n150_workload_6000,sla_Google2011v2_trace_dynamic_n150,nsga_ii,32.83754295786737,1.970252577472042,0.2313642627253043,1071.4513007558253,93.08932844007902,2246.032295918674,0.1838863395921198,0.24854004922189543
sla_stress,sla_Google2011v2_trace_dynamic_n150_workload_6000,sla_Google2011v2_trace_dynamic_n150,ppo_joint,2.192628449119281,0.13155770694715685,0.03446747363718659,1349.410367967658,211.1667121875044,2327.5878921307158,0.009749273465661555,0.016322399150952054
sla_stress,sla_Google2011v2_trace_dynamic_n150_workload_6000,sla_Google2011v2_trace_dynamic_n150,tm_moaoa_joint,2.192628449119281,0.13155770694715685,0.03446747363718659,1349.410367967658,211.1667121875044,2327.5878921307158,0.009749273465661555,0.016322399150952054
sla_stress,sla_Google2011v2_trace_dynamic_n150_workload_6101,sla_Google2011v2_trace_dynamic_n150,ecc_cee_adapted,31.96372518944421,1.9178235113666526,0.22782286973286336,1092.6376237202223,93.84510081234471,2152.1240053460933,0.1755223753724341,0.24276479833339873
sla_stress,sla_Google2011v2_trace_dynamic_n150_workload_6101,sla_Google2011v2_trace_dynamic_n150,eco_pso_joint,0.051418919053633015,0.0030851351432179806,0.0008345290562404638,1270.3241188477532,211.0032902379675,2241.0099042291404,0.0002428620457916166,0.00039550523373322276
sla_stress,sla_Google2011v2_trace_dynamic_n150_workload_6101,sla_Google2011v2_trace_dynamic_n150,hcsmo_v6d,22.035922954165702,1.322155377249942,0.18126239402460143,1118.7921922473413,109.24531184520838,2152.0937099447474,0.11817702933679763,0.16592235489375998
sla_stress,sla_Google2011v2_trace_dynamic_n150_workload_6101,sla_Google2011v2_trace_dynamic_n150,jellyfish_rts_adapted,31.96372518944421,1.9178235113666526,0.22782286973286336,1092.6376237202223,93.84510081234471,2152.1240053460933,0.1755223753724341,0.24276479833339873
sla_stress,sla_Google2011v2_trace_dynamic_n150_workload_6101,sla_Google2011v2_trace_dynamic_n150,meo_adapted,31.96372518944421,1.9178235113666526,0.22782286973286336,1092.6361630857987,93.8441291576935,2152.1240053460933,0.1755226100104886,0.24276731190081702
sla_stress,sla_Google2011v2_trace_dynamic_n150_workload_6101,sla_Google2011v2_trace_dynamic_n150,nsga_ii,31.96372518944421,1.9178235113666526,0.22782286973286336,1092.6376237202223,93.84510081234471,2152.1240053460933,0.1755223753724341,0.24276479833339873
sla_stress,sla_Google2011v2_trace_dynamic_n150_workload_6101,sla_Google2011v2_trace_dynamic_n150,ppo_joint,0.051418919053633015,0.0030851351432179806,0.0008345290562404638,1270.3241188477532,211.0032902379675,2241.0099042291404,0.0002428620457916166,0.00039550523373322276
sla_stress,sla_Google2011v2_trace_dynamic_n150_workload_6101,sla_Google2011v2_trace_dynamic_n150,tm_moaoa_joint,0.051418919053633015,0.0030851351432179806,0.0008345290562404638,1270.3241188477532,211.0032902379675,2241.0099042291404,0.0002428620457916166,0.00039550523373322276
sla_stress,sla_Google2011v2_trace_dynamic_n150_workload_6102,sla_Google2011v2_trace_dynamic_n150,ecc_cee_adapted,33.21572828026743,1.992943696816046,0.24695417444718545,1158.2802436262025,103.69955650945482,2260.193880609935,0.17206057927542484,0.23814390606836333
sla_stress,sla_Google2011v2_trace_dynamic_n150_workload_6102,sla_Google2011v2_trace_dynamic_n150,eco_pso_joint,0.2241280377361491,0.013447682264168946,0.0036375980524576998,1273.61954417837,213.91959912086196,2357.106022495951,0.0010558633718866363,0.0017004510420770287
sla_stress,sla_Google2011v2_trace_dynamic_n150_workload_6102,sla_Google2011v2_trace_dynamic_n150,hcsmo_v6d,20.078662823078623,1.2047197693847176,0.17276632564124966,1173.680659083615,111.01132887849859,2260.193880609935,0.10264459587545195,0.15562945456705743
sla_stress,sla_Google2011v2_trace_dynamic_n150_workload_6102,sla_Google2011v2_trace_dynamic_n150,jellyfish_rts_adapted,33.21572828026743,1.992943696816046,0.24611428851813896,1091.8829042377047,96.90198462788372,2307.745411447133,0.18252357364340407,0.25398271197772676
sla_stress,sla_Google2011v2_trace_dynamic_n150_workload_6102,sla_Google2011v2_trace_dynamic_n150,meo_adapted,33.21572828026743,1.992943696816046,0.24611428851813896,1091.8829042377047,96.90198462788372,2307.745411447133,0.18252357364340407,0.25398271197772676
sla_stress,sla_Google2011v2_trace_dynamic_n150_workload_6102,sla_Google2011v2_trace_dynamic_n150,nsga_ii,33.21572828026743,1.992943696816046,0.24611428851813896,1091.8829042377047,96.90198462788372,2307.745411447133,0.18252357364340407,0.25398271197772676
sla_stress,sla_Google2011v2_trace_dynamic_n150_workload_6102,sla_Google2011v2_trace_dynamic_n150,ppo_joint,0.2241280377361491,0.013447682264168946,0.0036375980524576998,1273.61954417837,213.91959912086196,2357.106022495951,0.0010558633718866363,0.0017004510420770287
sla_stress,sla_Google2011v2_trace_dynamic_n150_workload_6102,sla_Google2011v2_trace_dynamic_n150,tm_moaoa_joint,0.2241280377361491,0.013447682264168946,0.0036375980524576998,1273.61954417837,213.91959912086196,2357.106022495951,0.0010558633718866363,0.0017004510420770287
