sensitivity_family,parameter,parameter_value,parameter_subvalue,scheduler_controllable_emissions_g,scheduler_controllable_energy_wh,gross_horizon_energy_wh,makespan_s,deadline_miss_ratio,wall_time_s
active_pool_size,pool_size,1,carbon,33.87132415770218,466.38880866057883,729.685236029899,26743.747296062487,0.0,0.0729613420007808
active_pool_size,pool_size,1,energy,100.01019930115612,454.1117100028072,717.3408151401306,26743.946445402005,0.0,0.0718398959979822
active_pool_size,pool_size,1,hybrid,100.01019930115612,454.1117100028072,717.3408151401306,26743.946445402005,0.0,0.08246961900294986
active_pool_size,pool_size,1,speed,122.81354326143656,480.93112923916385,744.3126914605737,25995.800337037042,0.0,0.0683591144988895
active_pool_size,pool_size,2,carbon,0.33741348983789976,312.683599138581,576.065161359991,26294.888515580635,0.0,0.07271179099916475
active_pool_size,pool_size,2,energy,84.1211776424004,301.7770638574418,565.0453043264791,26443.10965959115,0.0,0.07255842200174806
active_pool_size,pool_size,2,hybrid,34.600013558190284,308.46943313063497,567.5783018946611,26294.888515580635,0.0,0.07332403300461005
active_pool_size,pool_size,2,speed,75.40479644825771,525.9587351093944,773.994342129515,25995.65665275512,0.0,0.0754976554999302
active_pool_size,pool_size,4,carbon,0.3360209098137119,320.3100592577018,568.3456662778224,26128.603167340756,0.0,0.0868911015022604
active_pool_size,pool_size,4,energy,65.7799006667738,316.5523069823903,568.6599565741332,26294.9774795869,0.0,0.07653567000306791
active_pool_size,pool_size,4,hybrid,0.44116755110376005,453.8285602752216,701.8641672953422,25998.429434069767,0.0,0.0998376000025018
active_pool_size,pool_size,4,speed,2.387068912301949,520.482602607623,768.5182096277435,25995.61499206467,0.0,0.10952804399857996
active_pool_size,pool_size,6,carbon,0.3360209098137119,444.3290190719132,707.7105812933231,26128.599167340755,0.0,0.1003467664995696
active_pool_size,pool_size,6,energy,23.897859536275718,328.84258786324995,592.2241500846599,26294.935818896454,0.0,0.08055065050211845
active_pool_size,pool_size,6,hybrid,1.9920437294527584,441.4457426332289,689.4813496533495,25995.57488874886,0.0,0.08288812249884356
active_pool_size,pool_size,6,speed,2.387068912301949,520.482602607623,768.5182096277435,25995.61499206467,0.0,0.08602519699707045
active_pool_size,pool_size,8,carbon,0.5910314561118142,454.5684158138024,717.9499780352123,26128.599167340755,0.0,0.10067768000226346
active_pool_size,pool_size,8,energy,0.8885404915248927,360.9438783542997,624.3254405757095,26294.935818896454,0.0,0.09277248600119489
active_pool_size,pool_size,8,hybrid,2.05008321566112,441.826512587515,689.785449717546,25995.57488874886,0.0,0.0947694775022682
active_pool_size,pool_size,8,speed,2.740634046079192,450.31774462102453,698.3533516411451,25995.618192064678,0.0,0.08920817550097121
carbon_shift_cap,maximum_shift_fraction,0.0,,0.35581726260203084,345.3224253707046,604.0749680137804,25974.946134218655,0.0,9.614240678001806
carbon_shift_cap,maximum_shift_fraction,0.25,,0.35581726260203084,345.3224253707046,604.0749680137804,25974.946134218655,0.0,8.428413342502608
carbon_shift_cap,maximum_shift_fraction,0.5,,0.35581726260203084,345.3224253707046,604.0749680137804,25974.946134218655,0.0,8.681470573999832
carbon_shift_cap,maximum_shift_fraction,1.0,,0.35581726260203084,345.3224253707046,604.0749680137804,25974.946134218655,0.0,9.079284451000149
controllable_energy_guard,controllable_energy_guard_pct,10.0,archive_reselection,0.35581726260203084,345.3224253707046,604.867404401537,25974.946134218655,0.0,0.0
controllable_energy_guard,controllable_energy_guard_pct,15.0,archive_reselection,0.35581726260203084,347.71540410917703,607.2603831400094,25974.9395887641,0.0,0.0
controllable_energy_guard,controllable_energy_guard_pct,5.0,archive_reselection,0.35581726260203084,345.3224253707046,604.867404401537,25974.946134218655,0.0,0.0
critical_tail_size,tail_size,1,,0.3454638129859049,334.3562958150616,597.7378580364716,26007.666550439026,0.0,8.714833819496562
critical_tail_size,tail_size,2,,0.3454638129859049,334.35937637118525,582.3949833913059,26058.41510675155,0.0,8.930168442999275
critical_tail_size,tail_size,4,,0.3454638129859049,334.3632819663239,582.3988889864445,25974.946134218655,0.0,9.227383940000436
critical_tail_size,tail_size,8,,0.3454638129859049,334.37391288070233,582.4095199008229,26067.32443454,0.0,7.6613053799992485
dvfs_policy,dvfs_policy,balanced_only,,0.31253336358253847,289.2020242808798,537.1769666978004,26169.971030856643,0.0,6.370785307499318
dvfs_policy,dvfs_policy,eco_balanced,,0.31253336358253847,289.18438344997713,537.1766100296867,26169.971030856643,0.0,7.793011125497287
dvfs_policy,dvfs_policy,full_5state,,0.35581726260203084,345.3224253707046,604.0749680137804,25974.946134218655,0.0,9.079284451000149
evaluation_budget,budget_factor,0.6,,0.35581726260203084,345.3224253707046,604.0749680137804,25974.946134218655,0.0,6.471645682999224
evaluation_budget,budget_factor,0.8,,0.35581726260203084,345.3224253707046,604.0749680137804,25974.946134218655,0.0,6.5636324115002935
evaluation_budget,budget_factor,1.0,,0.35581726260203084,345.3224253707046,604.0749680137804,25974.946134218655,0.0,9.079284451000149
evaluation_budget,budget_factor,1.2,,0.35581726260203084,345.3224253707046,604.0749680137804,25974.946134218655,0.0,10.261028271001123
gross_energy_guard,gross_energy_guard_pct,2.0,archive_reselection,0.35581726260203084,345.3224253707046,604.867404401537,25974.946134218655,0.0,0.0
gross_energy_guard,gross_energy_guard_pct,5.0,archive_reselection,0.35581726260203084,345.3224253707046,604.867404401537,25974.946134218655,0.0,0.0
gross_energy_guard,gross_energy_guard_pct,8.0,archive_reselection,0.35581726260203084,345.3224253707046,604.867404401537,25974.946134218655,0.0,0.0
legacy_guard,legacy_guard_pct,2.0,archive_reselection,0.3454638129859049,334.3562958150616,597.7378580364716,25974.946134218655,0.0,0.0
legacy_guard,legacy_guard_pct,5.0,archive_reselection,0.35581726260203084,345.3224253707046,604.867404401537,25974.946134218655,0.0,0.0
legacy_guard,legacy_guard_pct,8.0,archive_reselection,0.35581726260203084,345.3224253707046,604.867404401537,25974.946134218655,0.0,0.0
makespan_guard,makespan_guard_pct,0.5,archive_reselection,0.35581726260203084,345.3224253707046,604.867404401537,25974.946134218655,0.0,0.0
makespan_guard,makespan_guard_pct,1.0,archive_reselection,0.35581726260203084,345.3224253707046,604.867404401537,25974.946134218655,0.0,0.0
makespan_guard,makespan_guard_pct,2.0,archive_reselection,0.35581726260203084,345.3224253707046,604.867404401537,25974.946134218655,0.0,0.0
migration_energy_threshold,migration_energy_fraction_limit_pct,0.0,archive_reselection,0.35581726260203084,345.3224253707046,604.0749680137804,25974.946134218655,0.0,0.0
migration_energy_threshold,migration_energy_fraction_limit_pct,0.5,archive_reselection,0.35581726260203084,345.3224253707046,604.867404401537,25974.946134218655,0.0,0.0
migration_energy_threshold,migration_energy_fraction_limit_pct,1.0,archive_reselection,0.35581726260203084,345.3224253707046,604.867404401537,25974.946134218655,0.0,0.0
migration_energy_threshold,migration_energy_fraction_limit_pct,2.0,archive_reselection,0.35581726260203084,345.3224253707046,604.867404401537,25974.946134218655,0.0,0.0
