track,competitor,metric,rank_biserial_effect
representative,ecc_cee_adapted,scheduler_controllable_emissions_g,0.6666666666666666
representative,ecc_cee_adapted,scheduler_controllable_energy_wh,0.48717948717948717
representative,ecc_cee_adapted,gross_horizon_emissions_g,0.6666666666666666
representative,ecc_cee_adapted,gross_horizon_energy_wh,0.48717948717948717
representative,ecc_cee_adapted,makespan_s,0.19444444444444445
representative,eco_pso_joint,scheduler_controllable_emissions_g,1.0
representative,eco_pso_joint,scheduler_controllable_energy_wh,1.0
representative,eco_pso_joint,gross_horizon_emissions_g,1.0
representative,eco_pso_joint,gross_horizon_energy_wh,1.0
representative,eco_pso_joint,makespan_s,0.7575757575757576
representative,tm_moaoa_joint,scheduler_controllable_emissions_g,1.0
representative,tm_moaoa_joint,scheduler_controllable_energy_wh,1.0
representative,tm_moaoa_joint,gross_horizon_emissions_g,1.0
representative,tm_moaoa_joint,gross_horizon_energy_wh,1.0
representative,tm_moaoa_joint,makespan_s,1.0
representative,meo_adapted,scheduler_controllable_emissions_g,0.717948717948718
representative,meo_adapted,scheduler_controllable_energy_wh,0.9230769230769231
representative,meo_adapted,gross_horizon_emissions_g,0.717948717948718
representative,meo_adapted,gross_horizon_energy_wh,0.9230769230769231
representative,meo_adapted,makespan_s,-0.1388888888888889
representative,jellyfish_rts_adapted,scheduler_controllable_emissions_g,0.717948717948718
representative,jellyfish_rts_adapted,scheduler_controllable_energy_wh,0.9230769230769231
representative,jellyfish_rts_adapted,gross_horizon_emissions_g,0.717948717948718
representative,jellyfish_rts_adapted,gross_horizon_energy_wh,0.9230769230769231
representative,jellyfish_rts_adapted,makespan_s,0.26666666666666666
representative,nsga_ii,scheduler_controllable_emissions_g,0.717948717948718
representative,nsga_ii,scheduler_controllable_energy_wh,0.8461538461538461
representative,nsga_ii,gross_horizon_emissions_g,0.717948717948718
representative,nsga_ii,gross_horizon_energy_wh,0.8461538461538461
representative,nsga_ii,makespan_s,0.1388888888888889
representative,ppo_joint,scheduler_controllable_emissions_g,1.0
representative,ppo_joint,scheduler_controllable_energy_wh,1.0
representative,ppo_joint,gross_horizon_emissions_g,1.0
representative,ppo_joint,gross_horizon_energy_wh,1.0
representative,ppo_joint,makespan_s,0.46153846153846156
sla_stress,ecc_cee_adapted,scheduler_controllable_emissions_g,0.16363636363636364
sla_stress,ecc_cee_adapted,scheduler_controllable_energy_wh,0.05454545454545454
sla_stress,ecc_cee_adapted,gross_horizon_emissions_g,0.16363636363636364
sla_stress,ecc_cee_adapted,gross_horizon_energy_wh,0.05454545454545454
sla_stress,ecc_cee_adapted,makespan_s,0.6
sla_stress,eco_pso_joint,scheduler_controllable_emissions_g,1.0
sla_stress,eco_pso_joint,scheduler_controllable_energy_wh,1.0
sla_stress,eco_pso_joint,gross_horizon_emissions_g,1.0
sla_stress,eco_pso_joint,gross_horizon_energy_wh,1.0
sla_stress,eco_pso_joint,makespan_s,1.0
sla_stress,tm_moaoa_joint,scheduler_controllable_emissions_g,1.0
sla_stress,tm_moaoa_joint,scheduler_controllable_energy_wh,0.9230769230769231
sla_stress,tm_moaoa_joint,gross_horizon_emissions_g,1.0
sla_stress,tm_moaoa_joint,gross_horizon_energy_wh,0.9230769230769231
sla_stress,tm_moaoa_joint,makespan_s,1.0
sla_stress,meo_adapted,scheduler_controllable_emissions_g,0.16363636363636364
sla_stress,meo_adapted,scheduler_controllable_energy_wh,0.12727272727272726
sla_stress,meo_adapted,gross_horizon_emissions_g,0.16363636363636364
sla_stress,meo_adapted,gross_horizon_energy_wh,0.12727272727272726
sla_stress,meo_adapted,makespan_s,0.7142857142857143
sla_stress,jellyfish_rts_adapted,scheduler_controllable_emissions_g,0.16363636363636364
sla_stress,jellyfish_rts_adapted,scheduler_controllable_energy_wh,0.12727272727272726
sla_stress,jellyfish_rts_adapted,gross_horizon_emissions_g,0.16363636363636364
sla_stress,jellyfish_rts_adapted,gross_horizon_energy_wh,0.12727272727272726
sla_stress,jellyfish_rts_adapted,makespan_s,0.7142857142857143
sla_stress,nsga_ii,scheduler_controllable_emissions_g,0.1794871794871795
sla_stress,nsga_ii,scheduler_controllable_energy_wh,0.07692307692307693
sla_stress,nsga_ii,gross_horizon_emissions_g,0.1794871794871795
sla_stress,nsga_ii,gross_horizon_energy_wh,0.07692307692307693
sla_stress,nsga_ii,makespan_s,0.7142857142857143
sla_stress,ppo_joint,scheduler_controllable_emissions_g,1.0
sla_stress,ppo_joint,scheduler_controllable_energy_wh,1.0
sla_stress,ppo_joint,gross_horizon_emissions_g,1.0
sla_stress,ppo_joint,gross_horizon_energy_wh,1.0
sla_stress,ppo_joint,makespan_s,1.0
