track,scenario_id,base_scenario_id,dataset,family,task_count,workload_seed,hcsmo_deadline_miss_ratio,hcsmo_total_tardiness_s,controllable_carbon_best_competitor,controllable_carbon_improvement_pct,controllable_carbon_rank,controllable_energy_best_competitor,controllable_energy_improvement_pct,controllable_energy_rank,gross_carbon_best_competitor,gross_carbon_improvement_pct,gross_carbon_rank,gross_energy_best_competitor,gross_energy_improvement_pct,gross_energy_rank,makespan_best_competitor,makespan_improvement_pct,makespan_rank,runtime_multiplier_vs_fastest_classical
representative,rep_Alibaba2017_flexible_dynamic_n030_811,rep_Alibaba2017_flexible_dynamic_n030_811,Alibaba2017,flexible_dynamic,30,811,0.0,0.0,nsga_ii,-25.274476326171698,5,ecc_cee_adapted,-3.8164133030837473,5,nsga_ii,-1.334053315926323,5,ecc_cee_adapted,-0.44891782567821253,5,ppo_joint,0.00019243400951871476,1,1.3420175685305982
representative,rep_Alibaba2017_flexible_dynamic_n060_823,rep_Alibaba2017_flexible_dynamic_n060_823,Alibaba2017,flexible_dynamic,60,823,0.0,0.0,tm_moaoa_joint,88.25682080167319,1,tm_moaoa_joint,1.493317150855592,1,tm_moaoa_joint,2.740153446343655,1,tm_moaoa_joint,0.16940395813007042,1,ecc_cee_adapted,0.0,1,1.6618239657193754
representative,rep_Alibaba2017_flexible_dynamic_n090_827,rep_Alibaba2017_flexible_dynamic_n090_827,Alibaba2017,flexible_dynamic,90,827,0.0,0.0,tm_moaoa_joint,94.15763261932962,1,tm_moaoa_joint,2.4092457206097246,1,tm_moaoa_joint,9.430536933644754,1,tm_moaoa_joint,0.296536754751288,1,ecc_cee_adapted,0.0008681378477047033,1,1.3946858826216706
representative,rep_Alibaba2017_trace_dynamic_n030_811,rep_Alibaba2017_trace_dynamic_n030_811,Alibaba2017,trace_dynamic,30,811,0.0,0.0,ecc_cee_adapted,-24.977740897248236,5,nsga_ii,-3.0208403465387796,5,ecc_cee_adapted,-1.3651385114314194,5,nsga_ii,-0.36952981390790096,5,ecc_cee_adapted,0.00045530692053087575,1,1.6459454162377145
representative,rep_Alibaba2017_trace_dynamic_n060_823,rep_Alibaba2017_trace_dynamic_n060_823,Alibaba2017,trace_dynamic,60,823,0.0,0.0,ecc_cee_adapted,93.88878412744792,1,ecc_cee_adapted,44.87716058321599,1,ecc_cee_adapted,6.721957484118796,1,ecc_cee_adapted,10.051586590174376,1,ecc_cee_adapted,0.0,1,1.4106811681302467
representative,rep_Alibaba2017_trace_dynamic_n090_827,rep_Alibaba2017_trace_dynamic_n090_827,Alibaba2017,trace_dynamic,90,827,0.0,0.0,tm_moaoa_joint,94.17489978656026,1,tm_moaoa_joint,0.2633378713134789,1,tm_moaoa_joint,11.765583793382268,1,tm_moaoa_joint,0.03886457456742671,1,ecc_cee_adapted,0.0,1,1.4665446103552424
representative,rep_Google2011v2_flexible_dynamic_n030_811,rep_Google2011v2_flexible_dynamic_n030_811,Google2011v2,flexible_dynamic,30,811,0.0,0.0,ecc_cee_adapted,1.1407708000929437,1,ecc_cee_adapted,-34.84971669124237,2,ecc_cee_adapted,0.3003888462583578,1,ecc_cee_adapted,-18.866744887895333,2,meo_adapted,-0.36984135412106656,4,1.308001634491779
representative,rep_Google2011v2_flexible_dynamic_n060_823,rep_Google2011v2_flexible_dynamic_n060_823,Google2011v2,flexible_dynamic,60,823,0.0,0.0,ecc_cee_adapted,27.316441347888432,1,tm_moaoa_joint,15.369116129461561,1,ecc_cee_adapted,0.47097716048875926,1,tm_moaoa_joint,11.484821680873965,1,ecc_cee_adapted,0.24917200852138924,1,1.4901742542413954
representative,rep_Google2011v2_flexible_dynamic_n090_827,rep_Google2011v2_flexible_dynamic_n090_827,Google2011v2,flexible_dynamic,90,827,0.0,0.0,meo_adapted,7.249101564632025,1,meo_adapted,8.591275970229379,1,meo_adapted,0.12075355487406587,1,meo_adapted,6.753526288231033,1,ecc_cee_adapted,0.03022945370229487,1,1.6763839636486915
representative,rep_Google2011v2_trace_dynamic_n030_811,rep_Google2011v2_trace_dynamic_n030_811,Google2011v2,trace_dynamic,30,811,0.0,0.0,ecc_cee_adapted,27.09784096492046,1,ecc_cee_adapted,-16.779054174405,3,ecc_cee_adapted,10.08668420859484,1,ecc_cee_adapted,-10.372154155913096,3,eco_pso_joint,-0.6177333173495435,7,1.3968705422377234
representative,rep_Google2011v2_trace_dynamic_n060_823,rep_Google2011v2_trace_dynamic_n060_823,Google2011v2,trace_dynamic,60,823,0.0,0.0,ecc_cee_adapted,16.891016426086967,1,tm_moaoa_joint,12.584574703433875,1,ecc_cee_adapted,0.29528705668546706,1,tm_moaoa_joint,9.689512900088674,1,ecc_cee_adapted,-0.24979442631060184,5,1.6473906915164644
representative,rep_Google2011v2_trace_dynamic_n090_827,rep_Google2011v2_trace_dynamic_n090_827,Google2011v2,trace_dynamic,90,827,0.0,0.0,ecc_cee_adapted,5.288816741351618,1,ecc_cee_adapted,7.05134937575624,1,ecc_cee_adapted,0.09691714374401975,1,ecc_cee_adapted,5.646253605662104,1,ecc_cee_adapted,0.0,1,1.4963064254633232
sla_stress,sla_Alibaba2017_flexible_dynamic_n150_workload_6000,sla_Alibaba2017_flexible_dynamic_n150,Alibaba2017,flexible_dynamic,150,6000,0.0,0.0,nsga_ii,28.27743584530308,1,nsga_ii,1.4806563944385764,1,nsga_ii,27.161347049315932,1,nsga_ii,1.437135859928751,1,ecc_cee_adapted,0.0,1,2.43546167039267
sla_stress,sla_Alibaba2017_flexible_dynamic_n150_workload_6101,sla_Alibaba2017_flexible_dynamic_n150,Alibaba2017,flexible_dynamic,150,6101,0.0,0.0,nsga_ii,23.846736633423532,1,nsga_ii,-2.519699217244854,5,nsga_ii,22.837333920128835,1,nsga_ii,-2.441917023391137,5,ecc_cee_adapted,0.0,1,2.7095808338663288
sla_stress,sla_Alibaba2017_flexible_dynamic_n150_workload_6102,sla_Alibaba2017_flexible_dynamic_n150,Alibaba2017,flexible_dynamic,150,6102,0.0,0.0,tm_moaoa_joint,46.80570182767138,1,tm_moaoa_joint,-0.7828766822606428,2,tm_moaoa_joint,44.36700793302175,1,tm_moaoa_joint,-0.7551368593170494,2,ecc_cee_adapted,0.0,1,2.9392831398588526
sla_stress,sla_Alibaba2017_trace_dynamic_n150_workload_6000,sla_Alibaba2017_trace_dynamic_n150,Alibaba2017,trace_dynamic,150,6000,0.0,0.0,nsga_ii,21.76080653121195,1,nsga_ii,4.4925816315027856,1,nsga_ii,20.83988575057561,1,nsga_ii,4.363161525843378,1,ecc_cee_adapted,0.0,1,2.6876371996613515
sla_stress,sla_Alibaba2017_trace_dynamic_n150_workload_6101,sla_Alibaba2017_trace_dynamic_n150,Alibaba2017,trace_dynamic,150,6101,0.0,0.0,nsga_ii,-0.011747626211038994,2,nsga_ii,-0.0101249713780305,2,nsga_ii,-0.011209951668026349,2,nsga_ii,-0.009797175577636994,2,ecc_cee_adapted,0.0,1,2.6749084824777114
sla_stress,sla_Alibaba2017_trace_dynamic_n150_workload_6102,sla_Alibaba2017_trace_dynamic_n150,Alibaba2017,trace_dynamic,150,6102,0.0,0.0,tm_moaoa_joint,39.74073812415615,1,ecc_cee_adapted,-4.33781268609275,3,tm_moaoa_joint,37.678966611151395,1,ecc_cee_adapted,-4.181251658098992,3,ecc_cee_adapted,-4.180245561028925,5,2.7600682467376303
sla_stress,sla_Google2011v2_flexible_dynamic_n150_workload_6000,sla_Google2011v2_flexible_dynamic_n150,Google2011v2,flexible_dynamic,150,6000,0.0,0.0,nsga_ii,-3.7237591584968683,5,nsga_ii,4.464653777111292,1,nsga_ii,-3.066955903957241,5,nsga_ii,4.026494336226662,1,ecc_cee_adapted,0.005588026965361197,1,3.095292795178379
sla_stress,sla_Google2011v2_flexible_dynamic_n150_workload_6101,sla_Google2011v2_flexible_dynamic_n150,Google2011v2,flexible_dynamic,150,6101,0.0,0.0,nsga_ii,21.586652133711105,1,nsga_ii,6.918738793443474,1,nsga_ii,18.6801800259103,1,nsga_ii,6.291938388695217,1,nsga_ii,3.3724401936810597,1,3.022708077387519
sla_stress,sla_Google2011v2_flexible_dynamic_n150_workload_6102,sla_Google2011v2_flexible_dynamic_n150,Google2011v2,flexible_dynamic,150,6102,0.0,0.0,nsga_ii,-0.0001969656665069028,2,nsga_ii,-0.016015468847025458,2,nsga_ii,-0.00016224021608189626,2,nsga_ii,-0.014458423810437871,2,ecc_cee_adapted,0.0,1,3.0147381127439443
sla_stress,sla_Google2011v2_trace_dynamic_n150_workload_6000,sla_Google2011v2_trace_dynamic_n150,Google2011v2,trace_dynamic,150,6000,0.0,0.0,nsga_ii,4.316036039366533,1,nsga_ii,-2.78140471207844,5,nsga_ii,3.7960928221150305,1,nsga_ii,-2.602841864758312,5,ecc_cee_adapted,0.620870065085257,1,3.166648569571774
sla_stress,sla_Google2011v2_trace_dynamic_n150_workload_6101,sla_Google2011v2_trace_dynamic_n150,Google2011v2,trace_dynamic,150,6101,0.0,0.0,meo_adapted,-18.53709373050823,5,meo_adapted,-2.547889974054099,5,meo_adapted,-16.41145037601136,5,meo_adapted,-2.393846190087041,5,ecc_cee_adapted,0.0014076977567594436,1,2.906760466163133
sla_stress,sla_Google2011v2_trace_dynamic_n150_workload_6102,sla_Google2011v2_trace_dynamic_n150,Google2011v2,trace_dynamic,150,6102,0.0,0.0,meo_adapted,-16.23123910907773,5,meo_adapted,-7.937278932179254,5,meo_adapted,-14.5604285658303,5,meo_adapted,-7.491440201915898,5,ecc_cee_adapted,0.0,1,3.036134460104753
